Log P,ran_1,ran_2,non_iso,kekule
5.0506,5.050600000000003,5.050600000000004,5.050600000000004,5.050600000000004
3.1137,3.1137000000000015,3.1137000000000015,3.1137000000000015,3.1137000000000015
4.96778,4.967780000000005,4.967780000000005,4.967780000000004,4.967780000000004
4.00022,4.000220000000003,4.000220000000003,4.000220000000003,4.000220000000003
3.60956,3.609560000000002,3.6095600000000028,3.6095600000000028,3.6095600000000028
2.6374,2.6374000000000004,2.6374000000000004,2.6374000000000013,2.6374000000000013
0.9978,0.9978000000000002,0.9977999999999996,0.9977999999999998,0.9977999999999998
2.3347,2.3347000000000007,2.3346999999999998,2.3346999999999998,2.3346999999999998
4.2813,4.2813000000000025,4.281300000000002,4.2813000000000025,4.281300000000002
0.8801,0.8801000000000001,0.8801000000000001,0.8801000000000001,0.8801000000000001
5.8075800000000015,5.807580000000005,5.807580000000006,5.807580000000005,5.807580000000005
3.41742,3.4174200000000017,3.4174200000000026,3.4174200000000017,3.4174200000000017
2.3794,2.3794000000000004,2.379400000000001,2.3794000000000004,2.3794000000000004
3.61572,3.615720000000003,3.6157200000000023,3.6157200000000023,3.6157200000000023
1.8118,1.8117999999999994,1.8117999999999999,1.8117999999999994,1.8117999999999994
0.613,0.6130000000000004,0.6129999999999995,0.6130000000000004,0.6130000000000004
4.22504,4.2250400000000035,4.2250400000000035,4.2250400000000035,4.2250400000000035
2.1622,2.1622000000000003,2.1621999999999995,2.1622000000000003,2.1622000000000003
3.39202,3.3920200000000014,3.3920200000000023,3.3920200000000023,3.3920200000000014
3.8036,3.803600000000003,3.803600000000003,3.803600000000002,3.803600000000002
2.2362,2.2361999999999993,2.2361999999999993,2.2362,2.2362
3.81104,3.811040000000002,3.811040000000003,3.811040000000003,3.811040000000002
1.419,1.4189999999999998,1.4189999999999994,1.4189999999999996,1.4189999999999996
-0.2124,-0.21239999999999987,-0.2124000000000001,-0.2124000000000003,-0.2124000000000003
3.09442,3.0944200000000013,3.0944200000000013,3.0944200000000013,3.0944200000000013
2.69566,2.695660000000001,2.695660000000001,2.695660000000001,2.695660000000001
1.4169,1.4169000000000007,1.4168999999999994,1.4169000000000007,1.4169000000000007
4.5958,4.595800000000004,4.595800000000003,4.595800000000004,4.595800000000003
3.26928,3.269280000000002,3.269280000000002,3.269280000000002,3.269280000000002
1.79382,1.7938199999999993,1.7938199999999995,1.7938199999999993,1.7938199999999993
3.36334,3.3633400000000018,3.3633400000000018,3.3633400000000018,3.3633400000000018
3.4512,3.451200000000002,3.451200000000002,3.451200000000002,3.451200000000002
3.7738,3.7738000000000014,3.773800000000003,3.7738000000000023,3.7738000000000023
3.55962,3.5596200000000016,3.5596200000000024,3.5596200000000024,3.5596200000000024
1.3099,1.3099000000000003,1.3098999999999994,1.3098999999999998,1.3098999999999998
2.9175,2.9175000000000013,2.9175000000000013,2.9175000000000013,2.9175000000000013
3.7472,3.747200000000003,3.747200000000003,3.747200000000003,3.747200000000003
0.6611199999999999,0.6611200000000002,0.661120000000001,0.661120000000001,0.661120000000001
1.8531,1.8530999999999995,1.8530999999999997,1.8530999999999997,1.8530999999999997
2.4523,2.4523,2.452300000000001,2.452300000000001,2.452300000000001
4.6566,4.656600000000004,4.656600000000004,4.656600000000003,4.656600000000003
1.6758,1.6758,1.6758,1.6758,1.6758
2.9994,2.9994000000000014,2.9994000000000014,2.9994000000000014,2.9994000000000014
2.1810400000000003,2.1810400000000003,2.1810400000000003,2.1810399999999994,2.1810399999999994
3.1738,3.173800000000001,3.173800000000002,3.1738000000000017,3.1738000000000017
4.0031,4.003100000000003,4.003100000000003,4.003100000000003,4.003100000000003
3.1901,3.190100000000001,3.190100000000001,3.1901,3.1901
4.31024,4.310240000000003,4.310240000000003,4.310240000000004,4.310240000000003
3.55504,3.5550400000000026,3.5550400000000026,3.5550400000000026,3.5550400000000026
0.9869,0.9868999999999997,0.9869000000000001,0.9868999999999997,0.9868999999999997
5.1694,5.169400000000004,5.169400000000005,5.169400000000004,5.169400000000004
4.2683,4.2683000000000035,4.268300000000003,4.2683000000000035,4.2683000000000035
3.3055,3.305500000000002,3.305500000000001,3.305500000000002,3.305500000000002
3.92,3.9200000000000026,3.9200000000000026,3.9200000000000026,3.9200000000000026
2.60002,2.6000200000000007,2.6000200000000007,2.6000200000000007,2.6000200000000007
2.2271,2.227099999999999,2.227099999999999,2.2271,2.2271
3.5051,3.5051000000000014,3.5051000000000014,3.5051000000000014,3.5051000000000014
3.8916,3.891600000000002,3.891600000000002,3.891600000000003,3.891600000000003
4.3967,4.396700000000002,4.396700000000002,4.396700000000002,4.396700000000003
3.3865,3.3865000000000025,3.3865000000000016,3.3865000000000016,3.3865000000000025
3.15912,3.1591200000000015,3.1591200000000015,3.1591200000000015,3.1591200000000015
-1.7138,-1.713799999999997,-1.713799999999996,-1.7137999999999969,-1.7137999999999969
2.6592,2.659200000000001,2.659200000000001,2.6592000000000002,2.6592000000000002
-1.4271,-1.4270999999999978,-1.4270999999999978,-1.4270999999999978,-1.4270999999999978
4.5236,4.523600000000004,4.523600000000004,4.523600000000004,4.523600000000004
-1.7608,-1.7608000000000001,-1.7608000000000004,-1.7608000000000004,-1.7608000000000004
2.1097200000000003,2.1097200000000007,2.1097200000000003,2.10972,2.10972
3.49336,3.4933600000000027,3.4933600000000027,3.493360000000002,3.493360000000002
2.6097,2.6097,2.6097,2.609700000000001,2.6097
2.9941,2.9941000000000013,2.9941000000000013,2.9941000000000013,2.9941000000000013
4.24262,4.242620000000003,4.242620000000004,4.242620000000003,4.242620000000003
4.94642,4.946420000000003,4.946420000000004,4.946420000000003,4.946420000000003
2.4116,2.4116,2.411600000000001,2.4116,2.4116
1.895,1.8949999999999996,1.8949999999999994,1.895,1.895
3.1302,3.130200000000002,3.130200000000002,3.130200000000002,3.130200000000002
-1.7369,-1.7368999999999974,-1.7368999999999974,-1.7368999999999974,-1.7368999999999974
0.8101,0.8100999999999998,0.8100999999999994,0.8100999999999998,0.8100999999999998
1.64362,1.6436200000000005,1.6436200000000014,1.6436200000000005,1.6436200000000005
-1.6108,-1.6107999999999958,-1.6107999999999958,-1.6107999999999958,-1.6107999999999958
0.25058,0.2505800000000018,0.2505800000000041,0.2505800000000018,0.2505800000000018
0.2511,0.2510999999999999,0.2511,0.2511,0.2511
5.0413,5.041300000000003,5.041300000000004,5.041300000000004,5.041300000000004
4.4257,4.425700000000003,4.425700000000003,4.4257000000000035,4.4257000000000035
4.4077,4.407700000000003,4.407700000000003,4.407700000000003,4.407700000000003
2.37584,2.375840000000001,2.37584,2.37584,2.37584
3.1684,3.168400000000001,3.168400000000002,3.168400000000002,3.168400000000002
3.6096,3.6096000000000013,3.609600000000002,3.609600000000002,3.609600000000002
0.97822,0.9782200000000002,0.9782199999999995,0.9782200000000002,0.9782200000000002
4.6779,4.677900000000004,4.677900000000004,4.677900000000004,4.677900000000004
-0.2316,-0.23159999999999958,-0.2315999999999998,-0.2315999999999988,-0.2315999999999988
2.00942,2.0094199999999995,2.0094200000000004,2.0094199999999995,2.0094199999999995
4.3596,4.359600000000004,4.359600000000004,4.359600000000004,4.359600000000004
2.6233,2.6233000000000013,2.6233000000000013,2.6233000000000004,2.6233000000000004
2.67138,2.671380000000001,2.671380000000001,2.671380000000001,2.671380000000001
-1.1141,-1.1140999999999965,-1.114099999999997,-1.114099999999997,-1.114099999999997
4.4769,4.476900000000003,4.476900000000003,4.476900000000003,4.476900000000003
2.57252,2.572520000000001,2.572520000000001,2.57252,2.57252
0.1271,0.12709999999999944,0.1270999999999997,0.12710000000000016,0.12710000000000016
1.93192,1.9319199999999994,1.9319199999999996,1.9319199999999992,1.9319199999999992
4.6263,4.626300000000004,4.626300000000004,4.626300000000004,4.626300000000004
4.6231,4.623100000000004,4.623100000000004,4.6231000000000035,4.6231000000000035
2.1995,2.1994999999999996,2.1994999999999996,2.1995,2.1994999999999996
4.7471,4.747100000000003,4.747100000000001,4.747100000000002,4.747100000000002
4.0652,4.065200000000003,4.065200000000003,4.065200000000003,4.065200000000003
3.54042,3.540420000000002,3.5404200000000032,3.540420000000002,3.540420000000002
1.6908,1.6908,1.6908,1.6908,1.6908
0.1005,0.10050000000000003,0.10049999999999959,0.10049999999999987,0.10049999999999987
3.17722,3.177220000000001,3.177220000000001,3.177220000000001,3.177220000000001
2.4354,2.4354000000000005,2.4354000000000005,2.4354000000000005,2.4354000000000005
0.2615,0.2614999999999996,0.26149999999999984,0.26150000000000007,0.26150000000000007
3.0432,3.0432000000000015,3.0432000000000015,3.0432000000000015,3.0432000000000015
1.64112,1.6411199999999997,1.6411199999999997,1.6411199999999997,1.6411199999999997
3.721,3.721000000000002,3.721000000000002,3.721000000000002,3.721000000000002
3.83082,3.830820000000003,3.830820000000003,3.8308200000000037,3.8308200000000037
4.16022,4.1602200000000025,4.1602200000000025,4.160220000000003,4.160220000000003
2.4946,2.4946,2.4946,2.4946,2.4946
2.99092,2.990920000000002,2.990920000000001,2.990920000000001,2.990920000000001
2.5509,2.5509000000000004,2.5509000000000004,2.5509000000000013,2.5509000000000013
3.2388,3.2388000000000012,3.238800000000002,3.2388000000000012,3.2388000000000012
3.5179,3.517900000000002,3.517900000000002,3.517900000000002,3.517900000000002
2.7948,2.7948000000000013,2.7948000000000013,2.7948000000000013,2.7948000000000013
3.0074,3.0074000000000005,3.0074000000000005,3.0074000000000014,3.0074000000000014
3.26402,3.264020000000002,3.264020000000002,3.2640200000000013,3.264020000000002
0.6644800000000001,0.6644800000000004,0.6644800000000004,0.6644799999999995,0.6644799999999995
1.3664,1.3663999999999996,1.3663999999999996,1.3663999999999996,1.3663999999999996
4.0216,4.021600000000004,4.021600000000003,4.021600000000003,4.021600000000003
3.25054,3.2505400000000018,3.2505400000000018,3.2505400000000018,3.2505400000000018
3.3846199999999995,3.3846200000000017,3.3846200000000026,3.384620000000001,3.3846200000000017
1.4206,1.4205999999999996,1.4205999999999996,1.4205999999999996,1.4205999999999996
4.172,4.172000000000002,4.172000000000002,4.172000000000003,4.172000000000003
3.9674,3.967400000000003,3.967400000000003,3.967400000000003,3.967400000000003
2.376,2.3760000000000003,2.3760000000000003,2.3760000000000003,2.3760000000000003
3.00792,3.0079200000000013,3.007920000000002,3.007920000000002,3.007920000000002
3.6978,3.6978000000000018,3.6978000000000018,3.6978000000000018,3.6978000000000018
1.15062,1.1506200000000002,1.15062,1.1506200000000002,1.1506200000000002
3.5764,3.5764000000000022,3.5764000000000014,3.5764000000000014,3.5764000000000014
3.7344,3.7344000000000026,3.7344000000000026,3.7344000000000026,3.7344000000000026
2.1790000000000003,2.1790000000000007,2.1790000000000003,2.1790000000000003,2.1790000000000003
2.5431,2.543100000000001,2.5431,2.5431,2.5431
3.1253,3.125300000000002,3.125300000000002,3.125300000000002,3.125300000000002
4.25724,4.257240000000003,4.257240000000004,4.257240000000003,4.257240000000003
2.7306,2.730600000000001,2.730600000000001,2.7306,2.7306
2.447,2.447,2.447,2.447,2.447
3.36,3.360000000000002,3.360000000000002,3.360000000000003,3.360000000000003
3.9602,3.960200000000002,3.960200000000003,3.960200000000003,3.960200000000003
2.04192,2.04192,2.04192,2.04192,2.04192
3.5823,3.5823000000000027,3.5823000000000027,3.5823000000000027,3.5823000000000027
2.9976,2.997600000000002,2.997600000000002,2.997600000000001,2.997600000000001
3.1017,3.101700000000002,3.101700000000001,3.101700000000001,3.101700000000001
0.12132,0.12132000000000165,0.12132000000000165,0.12132000000000098,0.12132000000000098
2.681,2.681000000000001,2.681000000000001,2.681000000000001,2.681000000000001
3.3035,3.3035000000000014,3.3035000000000014,3.3035000000000014,3.3035000000000014
3.6393,3.639300000000002,3.639300000000002,3.639300000000002,3.639300000000002
4.0377800000000015,4.037780000000004,4.037780000000003,4.037780000000003,4.037780000000003
4.3371,4.337100000000003,4.337100000000003,4.337100000000003,4.337100000000003
0.85362,0.8536200000000003,0.8536200000000003,0.8536200000000012,0.8536200000000012
4.1396,4.139600000000002,4.139600000000003,4.139600000000002,4.139600000000002
2.2262,2.2261999999999995,2.2261999999999995,2.2261999999999995,2.2262000000000004
3.7357,3.7357000000000022,3.7357000000000014,3.7357000000000014,3.7357000000000014
4.4765,4.476500000000004,4.476500000000003,4.476500000000003,4.476500000000003
1.8881,1.8881000000000001,1.8881000000000001,1.8881000000000001,1.8881000000000001
2.4136,2.4136000000000006,2.4136000000000006,2.4136000000000006,2.4136000000000006
4.43314,4.433140000000003,4.433140000000004,4.433140000000003,4.433140000000003
3.89444,3.894440000000003,3.894440000000003,3.894440000000002,3.894440000000002
3.5508,3.5508000000000015,3.5508000000000015,3.5508000000000015,3.5508000000000015
0.8916200000000001,0.8916199999999999,0.8916199999999994,0.8916199999999992,0.8916199999999992
-0.3379,-0.3379000000000003,-0.3378999999999994,-0.3378999999999994,-0.3378999999999994
4.7794,4.7794000000000025,4.7794000000000025,4.7794000000000025,4.7794000000000025
3.16782,3.1678200000000016,3.1678200000000007,3.1678200000000016,3.1678200000000016
2.5719,2.571900000000001,2.5719000000000003,2.5719000000000003,2.5719000000000003
3.8373,3.8373000000000026,3.8373000000000026,3.8373000000000026,3.8373000000000026
2.4796,2.4796000000000005,2.4796000000000005,2.4796000000000005,2.4796000000000005
4.06852,4.068520000000002,4.068520000000002,4.068520000000002,4.068520000000002
4.00332,4.003320000000003,4.003320000000002,4.003320000000002,4.003320000000002
2.8198,2.8198000000000016,2.8198000000000008,2.8198000000000008,2.8198000000000008
4.7164,4.716400000000004,4.716400000000003,4.716400000000004,4.716400000000004
2.9071,2.9071000000000007,2.9071000000000007,2.9071000000000007,2.9071000000000007
1.79312,1.79312,1.7931199999999998,1.7931200000000003,1.7931200000000003
1.76522,1.7652199999999998,1.7652199999999998,1.7652199999999998,1.7652199999999998
2.5773,2.5773,2.577300000000001,2.577300000000001,2.577300000000001
3.74382,3.743820000000002,3.743820000000002,3.743820000000003,3.743820000000003
2.0488,2.0488000000000004,2.0488,2.0488,2.0488
3.1896,3.189600000000002,3.189600000000002,3.189600000000002,3.189600000000002
3.4391,3.4391000000000025,3.4391000000000025,3.4391000000000025,3.4391000000000025
3.2035,3.203500000000002,3.203500000000002,3.203500000000002,3.203500000000002
1.84522,1.8452199999999992,1.8452199999999996,1.8452199999999994,1.8452199999999994
4.318219999999998,4.318220000000003,4.318220000000003,4.318220000000003,4.318220000000003
4.4930400000000015,4.493040000000003,4.493040000000003,4.493040000000003,4.493040000000003
1.2064,1.2063999999999993,1.2063999999999997,1.2063999999999993,1.2063999999999993
3.0271,3.027100000000001,3.027100000000001,3.0271000000000017,3.0271000000000017
3.4029,3.4029000000000025,3.4029000000000016,3.4029000000000025,3.4029000000000016
2.5848,2.5848000000000004,2.5848000000000004,2.5847999999999995,2.5847999999999995
1.78916,1.7891599999999996,1.7891599999999999,1.7891599999999994,1.7891599999999999
1.8073,1.8072999999999997,1.8072999999999992,1.807299999999999,1.807299999999999
2.4344,2.4344,2.434400000000001,2.434400000000001,2.434400000000001
3.76034,3.760340000000003,3.760340000000003,3.760340000000002,3.760340000000002
0.6926399999999999,0.6926400000000013,0.6926400000000004,0.6926400000000004,0.6926400000000004
3.6235,3.6235000000000026,3.6235000000000026,3.6235000000000026,3.6235000000000026
2.43424,2.43424,2.43424,2.434240000000001,2.434240000000001
0.0959,0.0959000000000012,0.09590000000000037,0.09590000000000032,0.09590000000000032
3.9523,3.952300000000003,3.952300000000003,3.952300000000003,3.952300000000003
3.3861,3.3861000000000026,3.3861000000000017,3.3861000000000017,3.3861000000000017
1.4495,1.4494999999999998,1.4494999999999998,1.4494999999999996,1.4494999999999996
1.0654,1.0653999999999997,1.0653999999999997,1.0653999999999997,1.0653999999999997
1.5824,1.5824,1.5824,1.5823999999999998,1.5823999999999998
1.59362,1.5936200000000003,1.59362,1.5936199999999996,1.5936199999999998
1.3297,1.3296999999999999,1.3296999999999999,1.3296999999999994,1.3296999999999994
3.7178,3.7178000000000018,3.717800000000002,3.717800000000002,3.717800000000002
3.84302,3.843020000000002,3.8430200000000028,3.843020000000002,3.843020000000002
2.14712,2.14712,2.14712,2.14712,2.14712
0.0637,0.06369999999999965,0.06369999999999987,0.06369999999999987,0.06369999999999987
3.8201,3.8201000000000027,3.8201000000000027,3.8201000000000027,3.8201000000000027
4.4546,4.454600000000002,4.454600000000002,4.454600000000002,4.454600000000002
1.9271,1.9271,1.9271,1.9271000000000003,1.9271000000000003
3.32696,3.3269600000000024,3.3269600000000024,3.3269600000000015,3.3269600000000015
1.4629,1.4628999999999992,1.4628999999999996,1.4628999999999996,1.4628999999999996
1.9588,1.9587999999999999,1.9587999999999994,1.9588,1.9587999999999999
1.57,1.5699999999999996,1.5699999999999994,1.569999999999999,1.569999999999999
0.3465,0.34650000000000025,0.34650000000000114,0.34650000000000025,0.34650000000000114
3.34824,3.3482400000000014,3.3482400000000023,3.3482400000000023,3.3482400000000023
-2.2344,-2.2343999999999964,-2.2343999999999973,-2.2343999999999973,-2.2343999999999973
1.4172,1.4172000000000002,1.4172,1.4172000000000002,1.4172000000000002
1.5536,1.5535999999999992,1.5535999999999992,1.5535999999999994,1.5535999999999994
1.9787,1.9787,1.9787000000000001,1.9787,1.9787
2.1199,2.1199,2.1198999999999995,2.1199000000000003,2.1199000000000003
2.5296,2.5296000000000003,2.529600000000001,2.529600000000001,2.529600000000001
2.9006,2.9006000000000007,2.9006000000000007,2.9006000000000007,2.9006000000000007
1.75092,1.7509199999999998,1.7509199999999998,1.7509199999999996,1.7509199999999996
3.2631,3.2631000000000023,3.2631000000000023,3.2631000000000014,3.2631000000000023
2.3757,2.3757,2.3757,2.3757,2.3757
4.82532,4.825320000000003,4.825320000000003,4.825320000000003,4.825320000000003
3.429,3.429000000000002,3.429000000000002,3.429000000000002,3.429000000000002
1.86212,1.8621199999999998,1.8621199999999998,1.8621199999999998,1.8621199999999998
2.5887,2.588700000000001,2.5887000000000002,2.588700000000001,2.588700000000001
3.5278,3.527800000000001,3.5278000000000027,3.527800000000002,3.527800000000002
4.35586,4.355860000000003,4.355860000000003,4.355860000000003,4.355860000000003
3.917,3.917000000000003,3.9170000000000025,3.9170000000000025,3.9170000000000025
3.33992,3.339920000000001,3.339920000000002,3.339920000000001,3.339920000000001
3.4901,3.4901000000000026,3.4901000000000018,3.4901000000000026,3.4901000000000026
2.0395,2.0395,2.0394999999999994,2.0395000000000003,2.0395000000000003
0.6238,0.6237999999999997,0.6237999999999997,0.6238000000000006,0.6238000000000006
3.2937199999999995,3.293720000000002,3.2937200000000013,3.2937200000000013,3.2937200000000013
0.4279,0.4278999999999999,0.4278999999999999,0.4278999999999998,0.4279
3.0379,3.037900000000001,3.0379000000000014,3.037900000000002,3.037900000000002
2.1875400000000003,2.1875400000000003,2.1875400000000003,2.1875400000000003,2.1875399999999994
3.17822,3.1782200000000014,3.1782200000000014,3.1782200000000014,3.1782200000000014
0.7711,0.7710999999999999,0.7710999999999995,0.7710999999999995,0.7710999999999995
-0.9494,-0.9493999999999985,-0.9493999999999994,-0.9493999999999994,-0.9493999999999994
3.723,3.723,3.722999999999999,3.723,3.723
2.60332,2.603320000000001,2.60332,2.603320000000001,2.603320000000001
0.5656,0.5656000000000005,0.565600000000001,0.5656000000000003,0.5656000000000001
5.04648,5.046480000000004,5.046480000000004,5.046480000000004,5.046480000000004
2.3869,2.3869000000000007,2.3869,2.3869000000000007,2.3869000000000007
2.84574,2.845740000000001,2.845740000000001,2.845740000000001,2.845740000000001
3.29062,3.2906200000000014,3.2906200000000023,3.2906200000000023,3.2906200000000023
3.28804,3.2880400000000023,3.2880400000000014,3.2880400000000023,3.2880400000000023
2.0284,2.0284000000000004,2.0284000000000004,2.0284,2.0284
-0.5476,-0.5475999999999965,-0.5475999999999956,-0.5475999999999963,-0.5475999999999963
4.1893,4.189300000000004,4.189300000000003,4.189300000000003,4.189300000000003
1.58962,1.5896199999999994,1.5896199999999994,1.58962,1.58962
0.8649,0.8648999999999991,0.8648999999999991,0.8649,0.8649
2.8143,2.8143000000000002,2.8143000000000002,2.814300000000001,2.814300000000001
1.2802,1.2801999999999991,1.280200000000002,1.2802,1.2802
5.0885,5.0885000000000025,5.0885000000000025,5.0885000000000025,5.0885000000000025
2.3913,2.3913,2.391300000000001,2.3913,2.3913
4.26922,4.2692200000000025,4.2692200000000025,4.2692200000000025,4.2692200000000025
2.25942,2.2594200000000004,2.2594199999999995,2.2594200000000004,2.2594200000000004
3.5899400000000004,3.589940000000002,3.589940000000002,3.5899400000000012,3.589940000000002
1.9361,1.9361,1.9360999999999997,1.9360999999999997,1.9360999999999997
0.6281,0.6281000000000003,0.6280999999999999,0.6281000000000004,0.6281000000000004
4.5998,4.5998000000000046,4.5998000000000046,4.5998000000000046,4.5998000000000046
1.6277,1.6277000000000008,1.6277000000000017,1.6277000000000008,1.6277000000000008
2.55992,2.559920000000001,2.559920000000001,2.559920000000001,2.559920000000001
2.9308,2.9308000000000014,2.9308000000000014,2.9308000000000014,2.9308000000000014
0.0111,0.011100000000003718,0.011100000000003718,0.011100000000003718,0.011100000000003718
3.10862,3.10862,3.108620000000002,3.108620000000002,3.108620000000002
0.9965,0.9964999999999995,0.9964999999999995,0.9964999999999999,0.9964999999999999
3.72504,3.7250400000000026,3.7250400000000026,3.7250400000000026,3.7250400000000026
2.883,2.883000000000002,2.883000000000001,2.883000000000001,2.883000000000001
2.3117,2.3117,2.3117,2.3117,2.3117
3.9284,3.9284000000000026,3.9284000000000026,3.9284000000000026,3.9284000000000026
2.99824,2.998240000000002,2.998240000000001,2.998240000000002,2.998240000000002
2.5981,2.5981000000000005,2.5981000000000005,2.5981000000000005,2.5981000000000005
3.60878,3.608780000000003,3.608780000000002,3.608780000000002,3.608780000000002
1.4779,1.4779,1.4778999999999993,1.4778999999999995,1.4779
4.4517,4.451700000000003,4.451700000000003,4.451700000000003,4.451700000000003
2.4651,2.4651000000000005,2.4651000000000005,2.4651000000000005,2.4651000000000005
3.35422,3.3542200000000006,3.3542200000000006,3.3542200000000015,3.3542200000000006
3.758,3.7580000000000027,3.7580000000000027,3.758000000000002,3.7580000000000027
4.62954,4.629540000000002,4.629540000000002,4.629540000000001,4.629540000000002
1.2734,1.2733999999999996,1.2733999999999992,1.2733999999999992,1.2733999999999992
3.7215,3.7215000000000025,3.7215000000000025,3.7215000000000025,3.7215000000000025
4.4909,4.490900000000003,4.4909000000000034,4.4909000000000034,4.4909000000000034
2.64514,2.6451400000000005,2.6451400000000005,2.6451400000000005,2.6451400000000005
1.1913,1.1912999999999998,1.1912999999999998,1.1913,1.1913
2.4966,2.496600000000001,2.4966,2.4966,2.4966
4.34492,4.344920000000003,4.344920000000003,4.344920000000004,4.344920000000004
3.202,3.2020000000000017,3.2020000000000017,3.2020000000000017,3.2020000000000017
1.8809,1.8808999999999998,1.8809000000000002,1.8808999999999996,1.8808999999999996
2.21102,2.2110200000000004,2.2110199999999995,2.2110199999999995,2.2110199999999995
3.0463,3.0463000000000013,3.0463000000000013,3.0463000000000013,3.0463000000000013
1.77692,1.77692,1.77692,1.7769199999999996,1.7769199999999996
3.15242,3.152420000000001,3.152420000000001,3.152420000000002,3.152420000000002
2.8646,2.864600000000001,2.864600000000001,2.864600000000001,2.864600000000001
4.8345,4.834500000000004,4.834500000000004,4.834500000000005,4.834500000000005
0.7583,0.7582999999999995,0.7583,0.7583,0.7583
3.7353,3.7353000000000023,3.7353000000000023,3.7353000000000023,3.7353000000000023
2.6293,2.6293000000000006,2.6293000000000006,2.6293000000000006,2.6293000000000006
0.7297,0.7296999999999998,0.7296999999999993,0.7297000000000001,0.7297000000000001
1.73594,1.7359399999999996,1.7359399999999992,1.7359399999999996,1.7359399999999996
3.01532,3.015320000000001,3.015320000000001,3.0153200000000018,3.0153200000000018
1.986,1.986,1.9859999999999995,1.986,1.986
3.64032,3.6403200000000018,3.6403200000000018,3.6403200000000018,3.6403200000000018
3.4655,3.4655000000000022,3.4655000000000022,3.4655000000000022,3.4655000000000022
4.6866,4.686600000000003,4.686600000000002,4.686600000000002,4.686600000000002
2.756,2.756000000000001,2.756000000000001,2.756000000000001,2.756000000000001
4.6814,4.6814000000000044,4.6814000000000044,4.6814000000000044,4.6814000000000044
3.46632,3.4663200000000014,3.4663200000000023,3.4663200000000023,3.4663200000000023
3.627,3.6270000000000016,3.6270000000000024,3.6270000000000024,3.6270000000000024
4.8992,4.899200000000002,4.899200000000002,4.899200000000003,4.899200000000003
4.742319999999999,4.742320000000005,4.742320000000005,4.742320000000004,4.742320000000004
2.5157,2.5157000000000007,2.5157,2.5157000000000007,2.5157000000000007
0.5619,0.5619000000000004,0.5619000000000002,0.5619000000000001,0.5619000000000001
3.9957,3.995700000000003,3.995700000000002,3.995700000000003,3.995700000000003
2.8531,2.8531000000000013,2.8531000000000013,2.8531000000000013,2.8531000000000013
3.00382,3.003820000000001,3.003820000000002,3.003820000000001,3.003820000000001
3.03882,3.038820000000001,3.038820000000001,3.038820000000001,3.038820000000001
2.1727,2.1727,2.1727,2.1727,2.1727
4.0277,4.027700000000002,4.027700000000003,4.027700000000003,4.027700000000003
-0.7689,-0.7688999999999957,-0.7688999999999957,-0.7688999999999957,-0.7688999999999957
2.6747,2.6747000000000014,2.6747000000000005,2.6747000000000005,2.6747000000000005
1.8324,1.8323999999999998,1.8324000000000003,1.8324,1.8324
3.2921,3.2921000000000014,3.2921000000000022,3.2921000000000022,3.2921000000000022
2.4535,2.4535000000000005,2.4535,2.4535,2.4535
2.5434400000000004,2.5434400000000004,2.5434400000000004,2.5434400000000004,2.5434400000000004
2.1774,2.1774000000000004,2.1773999999999996,2.1774000000000004,2.1774000000000004
0.3492,0.3492000000000015,0.34920000000000107,0.34920000000000107,0.34920000000000107
1.73192,1.7319199999999992,1.7319200000000001,1.7319200000000003,1.7319200000000003
2.89244,2.8924400000000015,2.8924400000000015,2.8924400000000015,2.8924400000000015
2.5931,2.5931000000000006,2.5931000000000006,2.5931000000000006,2.5931000000000006
2.8307,2.8307,2.830700000000001,2.830700000000001,2.830700000000001
0.6386,0.6386000000000012,0.6385999999999998,0.6386000000000012,0.6386000000000012
2.59952,2.599520000000001,2.599520000000001,2.599520000000001,2.599520000000001
4.3835,4.383500000000002,4.383500000000003,4.383500000000002,4.383500000000002
0.7569,0.7569000000000001,0.7569000000000001,0.7569000000000001,0.7569000000000001
-0.5393,-0.539299999999999,-0.539299999999999,-0.5392999999999981,-0.5392999999999981
3.1754,3.1754000000000016,3.1754000000000016,3.1754000000000016,3.1754000000000016
2.8014,2.801400000000001,2.801400000000001,2.8014,2.8014
4.0456,4.045600000000003,4.045600000000003,4.045600000000003,4.045600000000003
0.1956,0.1956,0.1956,0.19560000000000022,0.19560000000000022
2.39272,2.3927199999999997,2.3927200000000006,2.3927200000000006,2.3927200000000006
4.6255,4.625500000000003,4.625500000000003,4.625500000000003,4.625500000000003
4.11212,4.1121200000000036,4.1121200000000036,4.1121200000000036,4.1121200000000036
2.7414,2.7414000000000014,2.7414000000000014,2.7414000000000005,2.7414000000000014
3.65494,3.6549400000000025,3.6549400000000016,3.6549400000000025,3.6549400000000025
3.5944,3.594400000000001,3.5944000000000025,3.594400000000001,3.594400000000001
4.1782,4.178200000000003,4.178200000000003,4.178200000000003,4.178200000000003
4.14004,4.1400400000000035,4.1400400000000035,4.1400400000000035,4.1400400000000035
1.28654,1.2865400000000005,1.2865399999999996,1.2865399999999996,1.2865399999999996
2.3501,2.3501000000000003,2.3501000000000003,2.3501000000000003,2.3501000000000003
2.4486,2.4486000000000008,2.4486000000000017,2.4486000000000003,2.4486000000000003
3.1178,3.1178000000000017,3.1178000000000017,3.1178000000000017,3.1178000000000017
3.0268,3.0268000000000015,3.0268000000000015,3.0268000000000015,3.0268000000000015
1.9893,1.9893,1.9892999999999996,1.9892999999999998,1.9892999999999998
0.9402,0.9402000000000001,0.940200000000001,0.9402000000000013,0.9402000000000013
4.61814,4.618140000000003,4.618140000000003,4.618140000000003,4.618140000000003
2.09342,2.09342,2.09342,2.0934199999999996,2.0934199999999996
2.87699,2.876990000000001,2.876990000000001,2.876990000000001,2.876990000000001
3.24498,3.2449800000000018,3.2449800000000018,3.2449800000000018,3.2449800000000018
3.2126,3.212600000000002,3.212600000000002,3.212600000000001,3.212600000000001
-0.3121,-0.3120999999999996,-0.3120999999999996,-0.3120999999999996,-0.3120999999999996
1.1521,1.1520999999999997,1.1520999999999997,1.1521000000000001,1.1521000000000001
2.91132,2.911320000000001,2.911320000000001,2.911320000000001,2.911320000000001
0.3379,0.33790000000000164,0.33790000000000253,0.3379000000000017,0.3379000000000017
1.0508,1.0507999999999993,1.050799999999999,1.050799999999999,1.050799999999999
1.92452,1.9245199999999996,1.92452,1.9245199999999998,1.9245199999999998
2.3276,2.3276000000000003,2.3276000000000003,2.3276000000000003,2.3276000000000003
3.58252,3.5825200000000024,3.5825200000000006,3.5825200000000006,3.5825200000000006
1.3006,1.3006000000000024,1.3006000000000015,1.3006000000000013,1.3006000000000013
0.8217,0.8217,0.8217000000000007,0.8217000000000008,0.8217000000000008
3.5008,3.5008000000000026,3.5008000000000017,3.5008000000000026,3.5008000000000026
3.3653,3.365300000000002,3.365300000000002,3.365300000000002,3.365300000000002
4.3071,4.307100000000002,4.307100000000002,4.307100000000003,4.307100000000003
3.51568,3.5156800000000024,3.5156800000000024,3.5156800000000024,3.5156800000000024
2.8874,2.8874000000000004,2.8873999999999995,2.8874000000000004,2.8874000000000004
5.7335,5.733500000000002,5.733500000000003,5.733500000000004,5.733500000000004
4.40144,4.401440000000004,4.401440000000004,4.401440000000003,4.401440000000003
1.2681,1.2681,1.2681,1.2681,1.2681
-0.14766,-0.14765999999999924,-0.1476599999999988,-0.14765999999999785,-0.14765999999999785
2.59762,2.597620000000001,2.597620000000001,2.597620000000001,2.597620000000001
1.57771,1.5777099999999997,1.57771,1.5777100000000002,1.5777100000000002
0.2078,0.20780000000000182,0.20780000000000176,0.2078000000000011,0.2078000000000011
3.80216,3.8021600000000024,3.8021600000000024,3.8021600000000024,3.8021600000000024
-0.13482,-0.13481999999999905,-0.13481999999999905,-0.13481999999999905,-0.13481999999999905
2.11424,2.1142399999999997,2.1142399999999997,2.1142399999999997,2.1142399999999997
2.3109,2.3109,2.3109,2.3109,2.3109
3.0609900000000003,3.060990000000001,3.060990000000002,3.0609900000000003,3.0609900000000003
4.1823,4.182300000000003,4.182300000000005,4.182300000000003,4.182300000000003
3.77058,3.7705800000000025,3.7705800000000025,3.7705800000000025,3.7705800000000025
2.5365,2.536500000000001,2.536500000000001,2.536500000000001,2.536500000000001
0.23592,0.2359200000000008,0.2359200000000008,0.23592000000000085,0.23592000000000085
1.06178,1.0617799999999997,1.06178,1.0617799999999997,1.0617799999999997
1.729,1.729,1.7289999999999994,1.7289999999999994,1.7289999999999994
2.8058,2.8058000000000005,2.8058000000000014,2.8058000000000005,2.8058000000000005
3.9167,3.9167000000000023,3.9167000000000023,3.9167000000000023,3.9167000000000023
2.8302,2.8302000000000014,2.8302000000000014,2.8302000000000014,2.8302000000000014
3.595,3.5950000000000024,3.5950000000000024,3.5950000000000024,3.5950000000000024
1.2981,1.2980999999999987,1.2980999999999998,1.2980999999999994,1.2980999999999994
-1.735,-1.7349999999999965,-1.7349999999999957,-1.7349999999999974,-1.7349999999999974
2.0864,2.0863999999999994,2.0864,2.0863999999999994,2.0863999999999994
3.86522,3.8652200000000034,3.8652200000000025,3.8652200000000034,3.8652200000000034
2.3115,2.3114999999999997,2.3115000000000006,2.3114999999999997,2.3114999999999997
-0.8129,-0.8128999999999988,-0.8128999999999982,-0.8128999999999984,-0.8128999999999984
2.2464,2.2464000000000004,2.2463999999999995,2.2463999999999995,2.2464000000000004
4.38718,4.387180000000002,4.3871800000000025,4.3871800000000025,4.3871800000000025
3.35992,3.3599200000000025,3.3599200000000025,3.3599200000000007,3.3599200000000025
1.90782,1.9078199999999996,1.9078199999999996,1.9078199999999996,1.9078199999999996
3.29172,3.2917200000000006,3.2917200000000006,3.2917200000000006,3.2917200000000006
3.0953,3.0953000000000017,3.095300000000001,3.095300000000001,3.095300000000001
2.1022,2.1022000000000003,2.1022000000000003,2.1022,2.1022
1.08922,1.0892199999999996,1.08922,1.0892200000000005,1.0892200000000005
1.3862,1.3862,1.3861999999999999,1.3862,1.3862
3.0465,3.0465000000000018,3.0465000000000018,3.046500000000001,3.046500000000001
4.44872,4.4487200000000025,4.448720000000004,4.448720000000003,4.4487200000000025
1.4213,1.4213000000000002,1.4213,1.4212999999999998,1.4212999999999998
2.745,2.745,2.745000000000001,2.745000000000001,2.745
2.9955,2.9955000000000016,2.9955000000000007,2.9955000000000016,2.9955000000000016
2.9581,2.958100000000001,2.9581000000000017,2.958100000000001,2.958100000000001
0.0617,0.061699999999999644,0.06170000000000009,0.06170000000000053,0.06170000000000053
3.89404,3.894040000000002,3.894040000000003,3.894040000000002,3.894040000000002
2.9778,2.9778000000000002,2.977800000000001,2.977800000000001,2.977800000000001
2.7642,2.7642000000000007,2.7641999999999998,2.7641999999999998,2.7641999999999998
2.0939,2.0939,2.0938999999999997,2.0938999999999997,2.0938999999999997
4.04812,4.048120000000002,4.048120000000003,4.048120000000003,4.048120000000003
3.3218,3.3218000000000023,3.3218000000000014,3.3218000000000023,3.3218000000000023
2.23264,2.23264,2.232640000000001,2.23264,2.23264
2.1138,2.1137999999999986,2.113799999999999,2.113799999999999,2.113799999999999
3.3536,3.353600000000002,3.353600000000001,3.353600000000002,3.353600000000002
2.1852,2.1852,2.1852,2.1852,2.1852
0.71964,0.7196399999999996,0.7196400000000001,0.7196399999999998,0.7196399999999998
0.45292,0.45292000000000265,0.4529200000000033,0.45292000000000265,0.45292000000000265
2.1790000000000003,2.1790000000000003,2.1790000000000003,2.1789999999999994,2.1789999999999994
0.8702,0.8702000000000005,0.8701999999999999,0.8702000000000003,0.8702000000000003
-0.7443,-0.7442999999999984,-0.7442999999999975,-0.7442999999999975,-0.7442999999999975
3.40942,3.4094200000000017,3.4094200000000017,3.4094200000000017,3.4094200000000017
2.06624,2.06624,2.0662399999999996,2.0662399999999996,2.0662399999999996
4.005319999999998,4.005320000000003,4.005320000000003,4.005320000000003,4.005320000000003
4.1791,4.179100000000004,4.179100000000004,4.179100000000004,4.179100000000004
3.6567,3.6567000000000025,3.6567000000000025,3.6567000000000025,3.6567000000000025
2.59536,2.5953600000000003,2.595360000000001,2.595360000000001,2.595360000000001
3.97162,3.9716200000000024,3.9716200000000024,3.9716200000000024,3.9716200000000024
2.8961,2.8961000000000015,2.8961000000000006,2.8961000000000015,2.8961000000000015
2.3035400000000004,2.30354,2.30354,2.30354,2.30354
5.01766,5.017660000000004,5.017660000000004,5.017660000000004,5.017660000000004
2.50122,2.501220000000001,2.501220000000001,2.501220000000001,2.501220000000001
3.6305,3.6305000000000023,3.6305000000000023,3.6305000000000023,3.6305000000000023
0.8027,0.8026999999999995,0.8026999999999993,0.8026999999999993,0.8026999999999993
2.3278,2.3278,2.3278000000000008,2.3278000000000008,2.3278000000000008
2.14114,2.14114,2.14114,2.14114,2.14114
4.071619999999999,4.071620000000003,4.071620000000004,4.071620000000003,4.071620000000003
2.14652,2.1465199999999998,2.1465199999999998,2.1465199999999998,2.1465199999999998
2.7510000000000003,2.7510000000000003,2.7510000000000003,2.7510000000000003,2.7510000000000003
2.5843,2.5843000000000007,2.5843000000000007,2.5843000000000007,2.5843000000000007
4.31506,4.315060000000002,4.315060000000003,4.315060000000003,4.315060000000003
2.914,2.9140000000000015,2.9140000000000015,2.9140000000000015,2.9140000000000015
2.77686,2.776860000000001,2.776860000000001,2.776860000000001,2.776860000000001
4.7806,4.780600000000003,4.780600000000003,4.780600000000003,4.780600000000003
0.6261,0.626100000000001,0.6261000000000019,0.6261000000000011,0.6261000000000011
4.0568,4.0568000000000035,4.056800000000003,4.0568000000000035,4.0568000000000035
3.0569,3.0569000000000006,3.0569000000000015,3.0569000000000015,3.0569000000000015
3.25694,3.256940000000002,3.256940000000002,3.256940000000001,3.256940000000001
2.6729,2.672900000000001,2.672900000000001,2.6729000000000003,2.6729000000000003
1.61158,1.6115799999999998,1.6115799999999996,1.6115799999999998,1.6115799999999998
4.2565,4.256500000000002,4.256500000000002,4.256500000000002,4.256500000000002
3.0015,3.001500000000001,3.001500000000001,3.001500000000001,3.001500000000001
3.22852,3.2285200000000023,3.2285200000000014,3.2285200000000023,3.2285200000000023
1.4093,1.4093,1.4093,1.4093,1.4093
4.2295,4.2295000000000025,4.229500000000003,4.229500000000003,4.229500000000003
3.0531200000000003,3.0531200000000016,3.0531200000000016,3.0531200000000016,3.0531200000000016
1.54352,1.5435199999999996,1.5435199999999996,1.5435199999999996,1.5435199999999996
-0.3101,-0.3100999999999973,-0.3100999999999976,-0.3100999999999976,-0.3100999999999976
4.27492,4.274920000000003,4.274920000000003,4.274920000000003,4.274920000000003
2.3524,2.3524000000000003,2.3523999999999994,2.3524000000000003,2.3524000000000003
0.795,0.7949999999999999,0.795,0.795,0.795
3.8721,3.8721000000000023,3.8721000000000023,3.8721000000000023,3.8721000000000023
-0.6286,-0.6285999999999974,-0.6285999999999974,-0.6285999999999983,-0.6285999999999983
2.14512,2.1451200000000004,2.1451200000000004,2.1451200000000004,2.1451200000000004
2.50252,2.5025200000000005,2.5025200000000005,2.5025200000000005,2.5025200000000005
1.0845,1.0845,1.0844999999999996,1.0844999999999994,1.0844999999999994
1.001,1.0009999999999997,1.0010000000000001,1.0010000000000001,1.0010000000000001
2.9233,2.9233000000000002,2.9233000000000002,2.923300000000001,2.923300000000001
4.87072,4.870720000000002,4.870720000000003,4.870720000000003,4.870720000000003
1.692,1.6920000000000002,1.6919999999999995,1.6919999999999995,1.6919999999999995
3.84694,3.8469400000000027,3.8469400000000027,3.8469400000000027,3.8469400000000027
3.13472,3.1347200000000015,3.1347200000000015,3.1347200000000015,3.1347200000000015
-0.6369,-0.6368999999999962,-0.6368999999999954,-0.6368999999999962,-0.6368999999999954
1.9625,1.9624999999999995,1.9625,1.9625,1.9625
2.86092,2.860920000000001,2.860920000000001,2.86092,2.86092
2.76664,2.7666400000000007,2.7666400000000015,2.7666400000000007,2.7666400000000007
3.6268,3.626800000000002,3.626800000000003,3.626800000000003,3.626800000000003
3.2799,3.2799000000000023,3.2799000000000014,3.2799000000000014,3.2799000000000014
4.3918,4.3918000000000035,4.391800000000003,4.391800000000003,4.391800000000003
2.2206,2.2205999999999992,2.2206,2.2206,2.2206
0.3881,0.3881000000000019,0.3881000000000019,0.388100000000001,0.388100000000001
1.3648,1.3648000000000002,1.3647999999999998,1.3647999999999993,1.3647999999999993
4.31182,4.311820000000002,4.3118200000000035,4.311820000000002,4.311820000000002
2.3459,2.3459000000000003,2.3459000000000003,2.3459000000000003,2.3459000000000003
1.2918,1.2918000000000003,1.2918000000000003,1.2918000000000003,1.2918000000000003
0.4694,0.4693999999999998,0.4693999999999998,0.4693999999999998,0.4693999999999998
2.6694,2.6694000000000013,2.6694000000000004,2.6694000000000004,2.6694000000000004
3.0469,3.0469000000000017,3.0469000000000017,3.0469000000000017,3.0469000000000017
1.93972,1.9397199999999992,1.9397199999999994,1.9397199999999994,1.9397199999999994
3.41972,3.4197200000000016,3.4197200000000025,3.4197200000000025,3.4197200000000025
1.60752,1.6075199999999998,1.6075199999999998,1.6075199999999996,1.6075199999999996
-2.6729,-2.6728999999999976,-2.6728999999999985,-2.672899999999998,-2.672899999999998
1.1312,1.1312,1.1311999999999995,1.1311999999999998,1.1311999999999998
1.935,1.9349999999999998,1.9349999999999998,1.9349999999999998,1.9349999999999998
2.3816,2.3815999999999997,2.3816000000000006,2.3816000000000006,2.3816000000000006
3.4831,3.483100000000002,3.483100000000002,3.483100000000002,3.483100000000002
3.175,3.1750000000000016,3.1750000000000016,3.1750000000000016,3.1750000000000016
0.8874200000000001,0.8874199999999999,0.8874199999999999,0.8874200000000001,0.8874200000000001
2.40138,2.4013800000000005,2.4013799999999996,2.4013800000000005,2.4013800000000005
3.3601,3.360100000000001,3.360100000000001,3.360100000000001,3.360100000000001
2.9468,2.9468000000000014,2.9468000000000014,2.9468000000000014,2.9468000000000014
3.78874,3.7887400000000024,3.7887400000000024,3.7887400000000016,3.7887400000000024
2.58392,2.58392,2.583920000000001,2.58392,2.58392
4.3819,4.3819000000000035,4.3819000000000035,4.381900000000003,4.381900000000003
0.0114,0.011400000000001631,0.011400000000001687,0.011400000000001687,0.011400000000001687
2.5262,2.5262000000000016,2.5262000000000002,2.5262000000000016,2.5262000000000016
1.3493,1.3493000000000002,1.3492999999999997,1.3492999999999997,1.3492999999999997
2.35302,2.35302,2.35302,2.35302,2.35302
2.9268400000000003,2.926840000000001,2.926840000000001,2.926840000000001,2.926840000000001
3.5884,3.588400000000002,3.588400000000002,3.588400000000002,3.588400000000002
3.9753,3.9753000000000034,3.9753000000000025,3.9753000000000034,3.9753000000000034
3.1139,3.113900000000001,3.113900000000001,3.113900000000002,3.113900000000002
1.0739,1.0739000000000003,1.0738999999999996,1.0738999999999999,1.0738999999999999
4.4685,4.468500000000002,4.468500000000002,4.468500000000002,4.468500000000002
0.5102,0.5102000000000013,0.5102000000000013,0.5102000000000022,0.5102000000000022
3.7716,3.771600000000002,3.771600000000001,3.771600000000002,3.771600000000002
4.8288,4.828800000000004,4.828800000000003,4.828800000000004,4.828800000000004
2.91194,2.9119400000000013,2.9119400000000013,2.9119400000000013,2.9119400000000013
3.25108,3.2510800000000017,3.2510800000000017,3.2510800000000017,3.2510800000000017
3.9893,3.9893000000000036,3.989300000000002,3.9893000000000027,3.9893000000000027
3.97312,3.9731200000000024,3.9731200000000024,3.9731200000000024,3.9731200000000024
1.7568,1.7568,1.7568,1.7567999999999997,1.7567999999999997
2.0895,2.0895,2.0895,2.0895,2.0895
-2.25402,-2.254019999999999,-2.254019999999999,-2.254019999999999,-2.254019999999999
2.564,2.564000000000001,2.564000000000001,2.564000000000001,2.564000000000001
1.41472,1.4147200000000004,1.4147199999999993,1.4147199999999993,1.4147199999999993
1.1054,1.1054000000000004,1.1053999999999995,1.1053999999999995,1.1053999999999995
3.4451,3.445100000000002,3.445100000000002,3.4451000000000027,3.4451000000000027
1.8539,1.8538999999999999,1.8538999999999999,1.8539,1.8539
2.5653,2.5652999999999997,2.5653000000000006,2.5653000000000006,2.5653000000000006
2.3984,2.3984000000000005,2.3984000000000005,2.3984000000000005,2.3984000000000005
3.53594,3.535940000000002,3.5359400000000027,3.535940000000001,3.535940000000001
4.6115,4.611500000000004,4.611500000000005,4.611500000000004,4.611500000000004
-0.96218,-0.9621799999999967,-0.9621799999999967,-0.9621799999999954,-0.9621799999999954
3.41416,3.4141600000000025,3.4141600000000025,3.4141600000000016,3.4141600000000016
1.9999,1.9998999999999998,1.9998999999999998,1.9998999999999996,1.9998999999999996
4.2033,4.203300000000003,4.203300000000003,4.203300000000002,4.203300000000002
1.4978200000000002,1.4978200000000002,1.49782,1.497819999999999,1.497819999999999
4.9706,4.970600000000005,4.970600000000005,4.970600000000005,4.970600000000005
2.75314,2.753140000000001,2.753140000000001,2.753140000000001,2.753140000000001
4.28282,4.282820000000003,4.282820000000003,4.282820000000003,4.282820000000003
3.02412,3.02412,3.024120000000001,3.024120000000001,3.024120000000001
1.3352,1.3351999999999995,1.3352,1.3351999999999997,1.3351999999999997
4.5931,4.593100000000003,4.593100000000003,4.593100000000003,4.593100000000003
0.8947200000000001,0.8947199999999993,0.8947200000000001,0.8947199999999993,0.8947199999999993
2.7385,2.738500000000001,2.738500000000001,2.738500000000001,2.738500000000001
2.9689,2.9689000000000014,2.9688999999999997,2.9689000000000005,2.9689000000000005
2.2506,2.2506000000000004,2.2505999999999995,2.2506000000000004,2.2506000000000004
1.0607,1.0606999999999998,1.0606999999999993,1.0606999999999998,1.0606999999999998
2.82436,2.8243600000000013,2.8243600000000013,2.8243600000000013,2.8243600000000013
2.928,2.928000000000001,2.928000000000001,2.928000000000001,2.928000000000001
2.4435,2.4435000000000002,2.4435000000000002,2.4435000000000002,2.4435000000000002
1.9122,1.9121999999999995,1.9121999999999992,1.9122,1.9122
4.4019,4.401900000000003,4.401900000000003,4.401900000000004,4.401900000000004
-0.3028,-0.3027999999999986,-0.30279999999999774,-0.30279999999999796,-0.30279999999999796
3.03032,3.0303200000000015,3.0303200000000006,3.0303200000000015,3.0303200000000006
3.7491,3.749100000000002,3.749100000000003,3.749100000000002,3.749100000000002
1.8817,1.8816999999999995,1.8816999999999997,1.881699999999999,1.881699999999999
4.1024,4.102400000000003,4.102400000000003,4.102400000000003,4.102400000000003
0.6796,0.6796000000000004,0.6796000000000013,0.6796000000000013,0.6796000000000013
4.6136,4.613600000000004,4.613600000000004,4.6136000000000035,4.6136000000000035
3.82942,3.8294200000000016,3.8294200000000025,3.8294200000000025,3.8294200000000025
1.73202,1.73202,1.7320199999999997,1.73202,1.73202
2.476,2.476,2.4760000000000013,2.476,2.476
2.2737,2.2737,2.2737000000000007,2.2737,2.2737
0.9931,0.9931000000000003,0.9931000000000005,0.9931000000000014,0.9931000000000014
2.5294,2.5294000000000008,2.5294000000000008,2.5294,2.5294
3.74115,3.741150000000002,3.741150000000002,3.741150000000002,3.741150000000002
3.5962,3.5962000000000023,3.5962000000000023,3.5962000000000023,3.5962000000000023
2.4919,2.4919000000000002,2.4919000000000002,2.4919000000000002,2.4919000000000002
-0.0266,-0.02659999999999957,-0.02659999999999829,-0.02659999999999829,-0.02659999999999829
2.32488,2.3248800000000003,2.3248800000000003,2.3248800000000003,2.3248800000000003
1.5569,1.5568999999999997,1.5569000000000002,1.5569,1.5569
3.2856,3.2856000000000014,3.2856000000000023,3.2856000000000023,3.2856000000000023
4.2344,4.234400000000002,4.234400000000002,4.234400000000002,4.234400000000002
0.5804199999999999,0.5804200000000004,0.5804200000000013,0.5804200000000002,0.5804200000000002
4.0696,4.069600000000004,4.069600000000003,4.069600000000003,4.069600000000003
0.9349,0.9348999999999998,0.9348999999999994,0.9348999999999998,0.9348999999999998
1.8143,1.8143,1.8143,1.8143000000000002,1.8143000000000002
4.6593,4.659300000000004,4.659300000000004,4.6593000000000035,4.6593000000000035
3.1227,3.122700000000002,3.122700000000001,3.122700000000002,3.122700000000002
4.29332,4.293320000000001,4.293320000000002,4.293320000000001,4.293320000000001
2.3149,2.3149000000000006,2.3149000000000006,2.3149000000000006,2.3149000000000006
2.51742,2.5174200000000004,2.5174200000000013,2.5174200000000004,2.5174200000000004
3.1777,3.1777000000000015,3.1777000000000015,3.1777000000000015,3.1777000000000015
1.9066,1.906600000000001,1.9065999999999999,1.9066,1.9066
0.8933,0.8932999999999995,0.8932999999999999,0.8932999999999995,0.8932999999999995
2.1219,2.1218999999999992,2.1218999999999992,2.1218999999999997,2.1218999999999997
0.0299,0.029900000000000926,0.02990000000000148,0.029900000000001925,0.029900000000001925
3.6906,3.6906000000000025,3.6906000000000025,3.6906000000000025,3.6906000000000025
-0.5241,-0.5240999999999965,-0.5240999999999965,-0.524099999999996,-0.524099999999996
2.6261,2.6261,2.6261,2.6261,2.6261
2.1391,2.1391,2.1391,2.1391,2.1391
4.0582,4.058200000000002,4.058200000000002,4.058200000000002,4.058200000000002
0.5077,0.5077000000000009,0.5077000000000027,0.5077,0.5077
1.3824,1.382399999999999,1.3823999999999999,1.3823999999999994,1.3824000000000003
1.7527400000000002,1.752739999999999,1.7527400000000002,1.7527399999999997,1.7527399999999997
3.5939,3.5939000000000023,3.5939000000000023,3.5939000000000023,3.5939000000000023
4.8618,4.8618000000000015,4.8618000000000015,4.8618000000000015,4.8618000000000015
3.2636,3.263600000000002,3.263600000000002,3.263600000000002,3.263600000000001
0.743,0.7429999999999997,0.7429999999999997,0.7430000000000001,0.7430000000000001
4.9953,4.995300000000003,4.995300000000002,4.995300000000003,4.995300000000003
2.8534200000000003,2.85342,2.8534200000000007,2.85342,2.8534200000000007
2.97822,2.978220000000001,2.978220000000001,2.978220000000001,2.978220000000001
1.6215,1.6214999999999997,1.6214999999999997,1.6214999999999997,1.6214999999999997
3.0253,3.0253000000000014,3.0253000000000014,3.0253000000000014,3.0253000000000014
3.95704,3.9570400000000028,3.9570400000000037,3.9570400000000028,3.9570400000000028
2.90528,2.905280000000001,2.905280000000001,2.905280000000001,2.905280000000001
4.4643,4.464300000000003,4.464300000000002,4.464300000000003,4.464300000000003
3.56132,3.561320000000003,3.561320000000003,3.561320000000002,3.561320000000002
2.96172,2.9617200000000006,2.9617200000000015,2.9617200000000015,2.9617200000000015
2.65668,2.656680000000001,2.6566800000000006,2.6566800000000006,2.6566800000000006
3.40501,3.4050100000000016,3.4050100000000016,3.4050100000000016,3.4050100000000016
1.8634,1.8633999999999993,1.8633999999999993,1.8633999999999997,1.8633999999999997
2.47304,2.47304,2.473040000000001,2.47304,2.47304
3.1426,3.1426000000000016,3.1426000000000016,3.1426000000000016,3.1426000000000016
3.24912,3.2491200000000013,3.2491200000000022,3.2491200000000022,3.2491200000000022
1.5967,1.5966999999999993,1.5966999999999996,1.5967000000000002,1.5967000000000002
2.0633,2.0633,2.063300000000001,2.0633,2.0633000000000004
1.334,1.3339999999999994,1.334,1.3339999999999996,1.3339999999999996
3.4844,3.4844000000000017,3.4844000000000026,3.4844000000000017,3.4844000000000017
4.2599,4.259900000000002,4.259900000000003,4.259900000000003,4.259900000000003
1.3559,1.3558999999999997,1.3558999999999992,1.3558999999999997,1.3558999999999997
1.0635,1.0635,1.0634999999999997,1.0635000000000001,1.0635000000000001
3.0506,3.050600000000001,3.050600000000001,3.050600000000002,3.050600000000002
2.15276,2.15276,2.15276,2.1527600000000007,2.1527600000000007
2.1814,2.1814,2.1814,2.1814,2.1814
1.1177,1.1177000000000001,1.1177000000000001,1.1177000000000001,1.1177000000000001
3.2382,3.2382000000000017,3.2382000000000017,3.2382000000000017,3.2382000000000017
2.82402,2.824020000000001,2.82402,2.824020000000001,2.824020000000001
1.5664,1.5663999999999996,1.5663999999999996,1.5663999999999993,1.5663999999999993
-2.9468,-2.946799999999997,-2.946799999999998,-2.946799999999997,-2.946799999999997
-0.2319,-0.23190000000000066,-0.23190000000000022,-0.23189999999999994,-0.23189999999999994
3.0209,3.020900000000002,3.020900000000002,3.020900000000002,3.020900000000002
4.56572,4.565720000000004,4.565720000000003,4.565720000000003,4.565720000000003
2.2403,2.2403000000000004,2.2403000000000004,2.2403000000000004,2.2403000000000004
3.20976,3.209760000000002,3.209760000000002,3.209760000000002,3.209760000000002
1.7020400000000002,1.70204,1.7020400000000009,1.7020400000000009,1.70204
3.15732,3.157320000000002,3.1573200000000012,3.1573200000000012,3.1573200000000012
3.0894,3.0894000000000013,3.0894000000000013,3.0894000000000013,3.0894000000000013
0.7485,0.7484999999999999,0.7485000000000004,0.7484999999999999,0.7484999999999999
0.9305,0.9304999999999997,0.9304999999999997,0.9304999999999994,0.9304999999999994
0.1978,0.1978000000000002,0.19780000000000114,0.19780000000000025,0.19780000000000025
2.6791,2.679100000000001,2.679100000000001,2.679100000000001,2.679100000000001
2.0605,2.0604999999999998,2.0604999999999998,2.0604999999999998,2.0604999999999998
2.5506,2.5506,2.5506,2.5506,2.5506
1.25622,1.2562199999999997,1.2562199999999997,1.2562199999999997,1.2562199999999997
4.3195,4.319500000000002,4.319500000000003,4.319500000000003,4.319500000000003
4.7347,4.734700000000003,4.734700000000003,4.734700000000003,4.734700000000003
3.26978,3.2697800000000017,3.2697800000000017,3.269780000000001,3.269780000000001
4.47954,4.479540000000003,4.479540000000003,4.479540000000003,4.479540000000003
3.5843,3.5843000000000025,3.5843000000000025,3.5843000000000016,3.5843000000000016
1.3733,1.3732999999999997,1.3732999999999997,1.373300000000001,1.373300000000001
2.8468,2.8468000000000018,2.846800000000001,2.846800000000001,2.846800000000001
2.53752,2.5375200000000007,2.5375200000000007,2.5375200000000007,2.5375200000000007
3.6179,3.6179000000000023,3.6179000000000014,3.6179000000000014,3.6179000000000014
4.2521,4.252100000000002,4.252100000000002,4.252100000000003,4.252100000000003
2.7326,2.7325999999999997,2.732600000000001,2.732600000000001,2.732600000000001
2.3599,2.3599000000000006,2.3599000000000006,2.3599000000000006,2.3599000000000006
4.9584,4.958400000000004,4.958400000000005,4.958400000000005,4.958400000000005
0.8989,0.8988999999999998,0.8989,0.8989000000000003,0.8989000000000003
4.84374,4.843740000000003,4.843740000000003,4.843740000000003,4.843740000000003
3.9099,3.909900000000003,3.909900000000003,3.909900000000003,3.909900000000003
1.2342,1.2341999999999997,1.2341999999999997,1.2341999999999995,1.2341999999999997
1.14342,1.1434199999999992,1.1434199999999997,1.1434199999999997,1.1434199999999997
2.0365,2.0364999999999998,2.0365,2.0365,2.0365
-1.31142,-1.3114199999999987,-1.3114199999999987,-1.3114199999999978,-1.3114199999999978
0.39992,0.39991999999999966,0.3999199999999997,0.39991999999999994,0.39991999999999994
3.68922,3.6892200000000024,3.6892200000000024,3.6892200000000024,3.6892200000000024
3.479,3.479000000000002,3.4790000000000028,3.479000000000002,3.479000000000002
2.9234,2.923400000000001,2.9234000000000018,2.9234000000000018,2.9234000000000018
0.5052,0.505200000000001,0.5052000000000009,0.5052000000000001,0.5052000000000001
3.87732,3.877320000000001,3.877320000000001,3.877320000000002,3.877320000000002
2.3627,2.3626999999999994,2.3627000000000002,2.3627000000000002,2.3627000000000002
0.5071,0.5070999999999999,0.5070999999999994,0.5070999999999998,0.5070999999999998
3.7857,3.7857,3.7857,3.7856999999999994,3.7856999999999994
3.4192,3.419200000000002,3.419200000000002,3.419200000000002,3.419200000000002
5.30724,5.307240000000005,5.307240000000003,5.307240000000005,5.307240000000005
0.98962,0.9896200000000004,0.9896199999999995,0.9896199999999997,0.9896199999999997
2.1567,2.1567,2.1567,2.1567,2.1567
2.2335,2.2335000000000003,2.2335000000000003,2.2335000000000003,2.2335000000000003
3.1227,3.122700000000002,3.122700000000002,3.122700000000002,3.122700000000002
3.5842,3.584200000000002,3.584200000000002,3.584200000000002,3.584200000000002
1.8571,1.857099999999999,1.8570999999999998,1.8570999999999989,1.8570999999999989
1.35124,1.3512399999999998,1.3512400000000007,1.3512399999999998,1.3512399999999998
2.5246,2.5246000000000013,2.5246000000000013,2.5246000000000004,2.5246000000000004
0.93294,0.9329399999999997,0.9329399999999994,0.9329399999999997,0.9329399999999997
2.8427,2.8427000000000016,2.8427000000000016,2.8427000000000007,2.8427000000000007
1.9349,1.9349,1.9348999999999998,1.9348999999999998,1.9348999999999998
3.4654,3.4654000000000016,3.4654000000000007,3.4654000000000025,3.4654000000000025
0.0151,0.015100000000003277,0.015100000000003222,0.015100000000002778,0.015100000000002778
3.7512,3.7512000000000034,3.7512000000000025,3.7512000000000025,3.7512000000000025
4.29424,4.294240000000004,4.294240000000004,4.294240000000003,4.294240000000003
0.812,0.812,0.812,0.8119999999999998,0.8119999999999998
0.32048,0.3204799999999999,0.3204800000000003,0.3204799999999999,0.3204799999999999
4.0795,4.079500000000004,4.079500000000003,4.079500000000004,4.079500000000004
3.3539,3.353900000000002,3.353900000000002,3.353900000000002,3.353900000000002
2.0847,2.0846999999999998,2.0846999999999998,2.0846999999999998,2.0846999999999998
4.013999999999999,4.014000000000003,4.014000000000003,4.014000000000003,4.014000000000003
1.7243,1.7242999999999997,1.7243000000000002,1.7242999999999997,1.7242999999999997
-0.8798,-0.8798000000000001,-0.8798000000000004,-0.8797999999999997,-0.8797999999999997
4.5886,4.588600000000004,4.588600000000004,4.588600000000004,4.588600000000004
3.67902,3.679020000000002,3.679020000000002,3.6790200000000013,3.6790200000000013
2.1696,2.1696,2.1696000000000004,2.1696,2.1696
2.96188,2.9618800000000016,2.9618800000000016,2.9618800000000016,2.9618800000000016
-0.4376,-0.43759999999999954,-0.43759999999999954,-0.4375999999999993,-0.4375999999999993
1.1053,1.1053000000000004,1.1053,1.1053000000000004,1.1053000000000004
4.9221,4.922100000000003,4.922100000000004,4.922100000000005,4.922100000000004
3.68354,3.6835400000000025,3.6835400000000025,3.6835400000000025,3.6835400000000025
2.4717,2.4717000000000002,2.4717000000000002,2.4717000000000002,2.4717000000000002
4.173719999999999,4.173720000000003,4.173720000000003,4.173720000000002,4.173720000000002
0.4904,0.4904000000000013,0.4904000000000024,0.49040000000000167,0.49040000000000167
3.7278,3.727800000000002,3.727800000000002,3.727800000000002,3.727800000000002
3.1605,3.1605000000000008,3.1605000000000016,3.1605000000000016,3.1605000000000016
1.45362,1.4536200000000004,1.4536199999999995,1.4536199999999992,1.4536199999999992
-0.23474,-0.23473999999999617,-0.23473999999999573,-0.23473999999999617,-0.23473999999999617
5.1318,5.131800000000004,5.131800000000004,5.131800000000005,5.131800000000005
1.70278,1.70278,1.70278,1.70278,1.70278
3.2088,3.208800000000002,3.208800000000002,3.208800000000001,3.208800000000001
0.445,0.4449999999999999,0.44499999999999945,0.44499999999999995,0.4449999999999999
1.2249,1.2249000000000014,1.2249000000000014,1.2249000000000008,1.2249000000000008
3.02448,3.0244800000000014,3.0244800000000014,3.0244800000000014,3.0244800000000014
3.85754,3.857540000000003,3.857540000000003,3.857540000000003,3.857540000000003
2.3305,2.3305000000000007,2.3305000000000007,2.3305,2.3305
1.5031,1.5030999999999999,1.5030999999999994,1.5030999999999994,1.5030999999999994
1.6549200000000002,1.65492,1.6549200000000008,1.6549200000000008,1.6549200000000008
4.2330000000000005,4.233000000000004,4.233000000000004,4.233000000000004,4.233000000000004
1.3465,1.3464999999999998,1.3465,1.3464999999999996,1.3464999999999996
-0.52008,-0.5200799999999997,-0.5200800000000005,-0.5200799999999992,-0.5200799999999992
0.703,0.7030000000000012,0.7030000000000012,0.7030000000000012,0.7030000000000012
0.6836,0.6836,0.6836,0.6836,0.6836
3.3725,3.3725000000000023,3.3725000000000014,3.3725000000000014,3.3725000000000014
3.1437,3.1437000000000017,3.1437000000000017,3.143700000000001,3.143700000000001
-1.2081,-1.2080999999999953,-1.2080999999999966,-1.2080999999999957,-1.2080999999999957
3.0889,3.0889000000000015,3.0889000000000015,3.0889000000000015,3.0889000000000015
4.1989,4.198900000000001,4.198900000000002,4.198900000000001,4.198900000000001
1.1336,1.1336,1.1335999999999995,1.1336,1.1336
3.4902,3.4902000000000024,3.4902000000000024,3.4902000000000024,3.4902000000000024
2.1236,2.1235999999999997,2.1235999999999997,2.1235999999999997,2.1235999999999997
2.6388,2.6388,2.6388000000000007,2.6388,2.6388
1.8457,1.8456999999999995,1.8456999999999997,1.845699999999999,1.845699999999999
0.4548,0.45480000000000076,0.4548000000000017,0.4548000000000017,0.4548000000000017
0.68172,0.6817199999999997,0.6817199999999992,0.6817199999999992,0.6817199999999992
0.5619,0.5619000000000002,0.5619000000000006,0.5619000000000006,0.5619000000000006
0.0145,0.0145000000000019,0.014500000000003566,0.014500000000002677,0.014500000000002677
3.34112,3.341120000000002,3.341120000000002,3.341120000000002,3.341120000000002
4.4913,4.491300000000003,4.491300000000003,4.491300000000003,4.491300000000003
2.1896,2.1896,2.1895999999999995,2.1895999999999995,2.1895999999999995
2.3229,2.3228999999999997,2.3229000000000006,2.322900000000001,2.322900000000001
3.9356,3.9356000000000027,3.9356000000000035,3.9356000000000035,3.9356000000000035
3.2856,3.2856000000000014,3.2856000000000014,3.2856000000000014,3.2856000000000014
3.9258,3.9258000000000033,3.9258000000000024,3.9258000000000033,3.9258000000000033
2.48718,2.4871800000000004,2.4871800000000004,2.4871800000000004,2.4871800000000004
3.5066,3.5066000000000024,3.5066000000000024,3.5066000000000024,3.5066000000000024
1.7187,1.7187,1.7187,1.7186999999999997,1.7186999999999997
1.5424,1.5424,1.5423999999999998,1.5424,1.5424
3.2939,3.2939000000000025,3.2939000000000016,3.2939000000000016,3.2939000000000016
1.8486,1.8485999999999991,1.8485999999999996,1.8486,1.8486
3.6513,3.6513000000000027,3.6513000000000027,3.6513000000000018,3.6513000000000027
3.8226,3.822600000000002,3.8226000000000013,3.822600000000002,3.822600000000002
2.1918,2.1917999999999997,2.1917999999999997,2.1917999999999997,2.1917999999999997
1.22262,1.2226199999999996,1.22262,1.22262,1.22262
5.0074,5.007400000000004,5.007400000000003,5.007400000000003,5.007400000000003
5.03498,5.034980000000002,5.034980000000003,5.034980000000002,5.034980000000002
2.0507,2.050699999999999,2.0507,2.0507,2.0507
2.15962,2.1596200000000003,2.1596200000000003,2.1596200000000003,2.1596200000000003
1.7382,1.7381999999999995,1.7381999999999995,1.7381999999999997,1.7381999999999995
3.82774,3.827740000000003,3.827740000000003,3.827740000000002,3.827740000000002
-1.1885,-1.1884999999999957,-1.1884999999999974,-1.1884999999999957,-1.1884999999999957
3.66122,3.661220000000003,3.661220000000003,3.661220000000003,3.661220000000003
-1.60631,-1.6063100000000008,-1.6063100000000003,-1.6063100000000008,-1.6063100000000008
2.55182,2.55182,2.55182,2.55182,2.55182
3.7706,3.7706000000000026,3.7706000000000026,3.7706000000000035,3.7706000000000035
1.685,1.6849999999999998,1.6849999999999994,1.685,1.6849999999999996
3.82376,3.8237600000000027,3.8237600000000027,3.8237600000000027,3.8237600000000027
1.6849,1.6848999999999992,1.6848999999999996,1.6848999999999996,1.6848999999999996
4.6707,4.670700000000001,4.670700000000002,4.670700000000002,4.670700000000002
4.71508,4.715080000000004,4.715080000000004,4.715080000000004,4.715080000000004
2.5166,2.5166000000000004,2.5166000000000004,2.5166000000000004,2.5166000000000004
3.22002,3.2200200000000017,3.2200200000000017,3.2200200000000017,3.2200200000000017
3.3783,3.378300000000002,3.378300000000001,3.378300000000002,3.378300000000002
2.4405,2.4405,2.440500000000001,2.440500000000001,2.440500000000001
3.12602,3.1260200000000014,3.1260200000000014,3.1260200000000014,3.1260200000000014
3.99481,3.9948100000000037,3.994810000000003,3.994810000000003,3.994810000000003
3.9218,3.921800000000003,3.921800000000003,3.921800000000003,3.921800000000003
2.85922,2.8592200000000014,2.8592200000000014,2.8592200000000014,2.8592200000000014
1.74578,1.7457799999999999,1.74578,1.7457799999999999,1.7457799999999999
4.1678,4.167800000000003,4.167800000000003,4.167800000000004,4.167800000000004
1.9828,1.9827999999999997,1.982799999999999,1.9827999999999995,1.9827999999999995
2.6007,2.6007,2.6007,2.6007,2.6007
1.7856,1.7856,1.7856000000000003,1.7856000000000003,1.7856000000000003
-0.49638,-0.49637999999999827,-0.49637999999999827,-0.49637999999999827,-0.49637999999999827
2.262,2.2620000000000005,2.262000000000001,2.2619999999999996,2.2619999999999996
2.5465,2.5465,2.5465,2.546500000000001,2.546500000000001
1.3258,1.3257999999999999,1.3258000000000005,1.3258000000000005,1.3258000000000005
3.8411,3.8411000000000026,3.8411000000000017,3.8411000000000017,3.8411000000000017
2.6741,2.674100000000001,2.6741,2.674100000000001,2.674100000000001
2.3453,2.3453,2.345299999999999,2.3453000000000004,2.3453000000000004
3.0523,3.0523000000000016,3.0523000000000016,3.0523000000000016,3.0523000000000016
-0.1087,-0.10869999999999891,-0.10869999999999841,-0.1086999999999978,-0.1086999999999978
1.0665,1.066500000000001,1.0665,1.0665,1.0665
3.66052,3.6605200000000027,3.6605200000000027,3.6605200000000018,3.6605200000000027
2.0113,2.0113,2.0112999999999994,2.0112999999999994,2.0112999999999994
3.3178,3.317800000000002,3.317800000000002,3.317800000000002,3.317800000000002
0.6351,0.6351000000000013,0.6351000000000007,0.6351000000000007,0.6351000000000007
2.2696,2.2696,2.2695999999999996,2.2695999999999996,2.2695999999999996
4.4617,4.461700000000003,4.461700000000003,4.461700000000004,4.461700000000004
3.64032,3.6403200000000018,3.6403200000000018,3.6403200000000018,3.6403200000000018
2.5303,2.5303000000000004,2.5303000000000013,2.5303000000000013,2.5303000000000013
1.3604,1.3603999999999987,1.3603999999999992,1.3603999999999992,1.3603999999999992
2.7597,2.7597000000000014,2.7597000000000005,2.7597000000000005,2.7597000000000005
4.5677,4.567700000000004,4.567700000000004,4.567700000000004,4.567700000000004
4.2425,4.242500000000003,4.242500000000003,4.242500000000003,4.242500000000003
3.898,3.8980000000000015,3.8980000000000015,3.8980000000000024,3.8980000000000024
3.40326,3.403260000000002,3.403260000000002,3.403260000000002,3.403260000000002
1.64142,1.6414199999999999,1.6414200000000003,1.6414200000000003,1.6414200000000003
2.2494,2.2494000000000005,2.2494000000000005,2.2494000000000005,2.2494000000000005
4.21014,4.2101400000000035,4.2101400000000035,4.2101400000000035,4.2101400000000035
3.1795,3.1795000000000018,3.1795000000000018,3.179500000000001,3.179500000000001
-0.0113,-0.011299999999999422,-0.011300000000000088,-0.011300000000000088,-0.011300000000000088
-0.6915,-0.6914999999999984,-0.6914999999999984,-0.6914999999999984,-0.6914999999999984
2.9930000000000003,2.993000000000001,2.993000000000001,2.993000000000001,2.993000000000001
3.7834,3.7834000000000003,3.7834000000000017,3.7834000000000017,3.783400000000001
4.74564,4.7456400000000025,4.7456400000000025,4.7456400000000025,4.7456400000000025
2.2212,2.2211999999999996,2.2211999999999996,2.2211999999999996,2.2211999999999996
3.82524,3.8252400000000026,3.8252400000000026,3.8252400000000017,3.8252400000000017
0.2887,0.28870000000000007,0.28870000000000007,0.2886999999999995,0.2886999999999995
1.4287,1.4286999999999999,1.4286999999999999,1.4286999999999999,1.4286999999999999
6.15252,6.1525200000000035,6.1525200000000035,6.1525200000000035,6.1525200000000035
0.8571,0.8570999999999995,0.8570999999999995,0.8570999999999995,0.8570999999999995
4.17354,4.173540000000003,4.173540000000003,4.173540000000003,4.173540000000003
3.24284,3.242840000000002,3.242840000000002,3.242840000000002,3.242840000000002
2.95302,2.9530200000000013,2.9530200000000013,2.9530200000000018,2.9530200000000013
2.7094400000000003,2.7094400000000007,2.7094400000000007,2.7094400000000007,2.7094400000000007
4.1425,4.142500000000004,4.142500000000004,4.142500000000004,4.142500000000004
3.1744,3.174400000000001,3.174400000000001,3.174400000000002,3.174400000000002
1.31594,1.3159400000000003,1.3159399999999999,1.3159399999999999,1.3159400000000008
3.27422,3.2742200000000024,3.2742200000000015,3.2742200000000015,3.2742200000000015
4.0625,4.0625000000000036,4.062500000000003,4.0625000000000036,4.0625000000000036
4.2771,4.2771000000000035,4.2771000000000035,4.2771000000000035,4.2771000000000035
2.8703,2.870300000000001,2.870300000000001,2.870300000000001,2.870300000000001
-1.0548,-1.0547999999999966,-1.0547999999999966,-1.0547999999999966,-1.0547999999999966
-0.1932,-0.19319999999999804,-0.19319999999999804,-0.19319999999999893,-0.19319999999999893
1.7787,1.7787,1.7786999999999995,1.7787,1.7787
2.5378,2.5378000000000007,2.5378000000000007,2.5378000000000007,2.5378000000000007
5.0284,5.028400000000001,5.028400000000001,5.028400000000002,5.028400000000002
3.5035199999999995,3.5035200000000017,3.5035200000000017,3.5035200000000017,3.5035200000000017
2.7561,2.756100000000001,2.756100000000001,2.756100000000001,2.756100000000001
4.212,4.212000000000003,4.212000000000003,4.212000000000003,4.212000000000003
2.1971,2.1971,2.1971,2.1971,2.1971
2.8187,2.8187000000000006,2.8187000000000015,2.8187000000000015,2.8187000000000015
4.9624,4.962400000000004,4.962400000000003,4.962400000000005,4.962400000000005
2.6465,2.6465000000000014,2.6465000000000005,2.6465000000000014,2.6465000000000014
1.62078,1.62078,1.6207799999999999,1.62078,1.62078
3.4793199999999995,3.479320000000002,3.479320000000002,3.4793200000000013,3.4793200000000013
1.0383,1.0383,1.0383,1.0383,1.0383
-1.4248,-1.4247999999999952,-1.4247999999999958,-1.424799999999996,-1.424799999999996
2.20772,2.20772,2.2077199999999992,2.20772,2.20772
3.0947400000000003,3.0947400000000016,3.0947400000000016,3.0947400000000016,3.0947400000000016
3.84228,3.8422800000000024,3.8422800000000032,3.8422800000000024,3.8422800000000024
2.25162,2.25162,2.251620000000001,2.251620000000001,2.251620000000001
0.5476,0.5476000000000008,0.5476000000000008,0.5476000000000005,0.5476000000000005
2.377,2.377,2.377,2.377,2.377
0.1687,0.1687000000000003,0.16870000000000096,0.16870000000000057,0.16870000000000057
1.767,1.7670000000000001,1.7670000000000001,1.7669999999999997,1.7669999999999997
2.1128400000000003,2.1128399999999994,2.1128399999999994,2.1128399999999994,2.1128399999999994
3.11788,3.1178800000000013,3.1178800000000013,3.1178800000000013,3.1178800000000013
2.5482,2.5482000000000005,2.5482000000000005,2.5482000000000005,2.5482000000000005
3.4387,3.4387000000000025,3.4387000000000025,3.4387000000000025,3.4387000000000025
-0.8763,-0.8762999999999992,-0.8762999999999974,-0.8762999999999987,-0.8762999999999987
-1.4835,-1.4834999999999987,-1.4834999999999996,-1.4834999999999996,-1.4834999999999996
2.4431,2.4431000000000003,2.4431000000000003,2.4431000000000003,2.4431000000000003
2.8119,2.8119000000000005,2.8119000000000014,2.8119000000000014,2.8119000000000014
5.1478,5.147800000000003,5.147800000000003,5.147800000000002,5.147800000000002
1.1141,1.1141,1.1141,1.1141,1.1141
2.0236,2.0236,2.023599999999999,2.0236,2.0236
3.1244400000000003,3.1244400000000017,3.1244400000000008,3.1244400000000017,3.1244400000000017
4.6104,4.610400000000002,4.610400000000003,4.610400000000003,4.610400000000003
2.88174,2.8817400000000015,2.8817400000000006,2.8817400000000015,2.8817400000000015
2.14946,2.1494600000000004,2.1494600000000004,2.1494600000000004,2.1494600000000004
2.4791,2.4791000000000007,2.4791000000000007,2.4791,2.4791
1.7707,1.7707,1.7707,1.7706999999999997,1.7706999999999997
1.7074,1.7074000000000003,1.7074,1.7073999999999998,1.7074
-1.3365,-1.3364999999999987,-1.3364999999999978,-1.3364999999999982,-1.3364999999999982
-1.3701,-1.3700999999999977,-1.3700999999999963,-1.3700999999999977,-1.3700999999999977
2.90562,2.9056200000000016,2.9056200000000016,2.9056200000000016,2.9056200000000016
1.47772,1.4777200000000004,1.4777199999999997,1.4777199999999997,1.4777199999999997
1.0833,1.0832999999999995,1.0832999999999995,1.0832999999999995,1.0832999999999995
1.8328,1.8327999999999998,1.8327999999999998,1.8327999999999998,1.8327999999999998
3.3955,3.395500000000001,3.395500000000001,3.395500000000001,3.395500000000001
2.9577,2.957700000000001,2.9577000000000018,2.9577000000000018,2.9577000000000018
1.29519,1.2951899999999994,1.2951899999999996,1.29519,1.29519
0.3184,0.3184,0.3184,0.3184,0.3184
1.0165,1.0165,1.0164999999999995,1.0165,1.0164999999999997
1.5930000000000002,1.592999999999999,1.5929999999999993,1.5929999999999997,1.5929999999999997
2.9892,2.9892000000000003,2.989200000000001,2.9892000000000003,2.9892000000000003
1.42472,1.4247199999999995,1.4247199999999995,1.42472,1.42472
2.10868,2.1086800000000006,2.1086799999999997,2.10868,2.1086799999999997
1.7597,1.7596999999999996,1.7596999999999996,1.7596999999999994,1.7596999999999994
2.2688,2.2688000000000006,2.2688000000000006,2.2688000000000006,2.2688000000000006
-1.7861,-1.7860999999999954,-1.7860999999999971,-1.786099999999997,-1.786099999999997
3.0759,3.0759000000000016,3.0759000000000016,3.0759000000000007,3.0759000000000007
3.01694,3.016940000000001,3.0169400000000017,3.016940000000001,3.016940000000001
3.4766,3.476600000000002,3.476600000000002,3.476600000000002,3.476600000000002
3.9781,3.978100000000002,3.978100000000002,3.978100000000003,3.978100000000003
2.4217,2.4217000000000004,2.4217000000000004,2.4217000000000004,2.4217000000000004
3.6286,3.6286000000000023,3.6286000000000023,3.6286000000000023,3.6286000000000023
3.6915,3.6915000000000022,3.6915000000000022,3.6915000000000022,3.6915000000000022
2.9982,2.9982000000000015,2.9982000000000006,2.9982000000000015,2.9982000000000015
5.2651,5.265100000000005,5.265100000000005,5.265100000000005,5.265100000000005
5.41904,5.419040000000004,5.419040000000005,5.419040000000004,5.419040000000004
3.1621,3.1621000000000006,3.1621000000000015,3.1621000000000015,3.1621000000000015
2.9898,2.9898000000000016,2.9898000000000016,2.9898000000000016,2.9898000000000016
2.27061,2.2706099999999996,2.2706099999999996,2.2706099999999996,2.2706099999999996
4.4639,4.463900000000004,4.463900000000004,4.463900000000004,4.463900000000004
3.6718,3.671800000000003,3.671800000000002,3.671800000000003,3.671800000000003
2.0662,2.0662,2.0662,2.0662,2.0662
-1.2531,-1.2530999999999997,-1.2530999999999997,-1.2530999999999997,-1.2530999999999997
0.7655,0.7655000000000004,0.7655000000000003,0.7655000000000003,0.7655000000000003
0.2045,0.20449999999999996,0.20450000000000002,0.20449999999999957,0.2044999999999998
5.51088,5.510880000000004,5.510880000000004,5.510880000000003,5.510880000000003
1.9451,1.9450999999999996,1.9450999999999996,1.9451000000000005,1.9451000000000005
1.8573,1.8573000000000002,1.8572999999999997,1.8573000000000004,1.8573
2.4551,2.4551000000000007,2.4551,2.4551000000000007,2.4551000000000007
4.0291,4.029100000000003,4.029100000000003,4.029100000000003,4.029100000000003
4.5024,4.502400000000004,4.502400000000004,4.502400000000004,4.502400000000004
-0.0122,-0.01220000000000021,-0.012199999999999711,-0.012199999999998878,-0.012199999999998878
2.2537,2.2537000000000003,2.2537000000000003,2.2537,2.2537000000000003
3.38384,3.383840000000002,3.383840000000002,3.383840000000001,3.383840000000002
2.0176,2.0176,2.0176,2.0176,2.0176
1.34564,1.3456400000000008,1.3456400000000008,1.3456400000000008,1.3456400000000008
2.54842,2.54842,2.548420000000001,2.54842,2.54842
3.422,3.4220000000000015,3.4220000000000015,3.4220000000000015,3.4220000000000015
1.1857,1.1857000000000009,1.1857000000000009,1.1857000000000006,1.1857000000000006
3.38164,3.3816400000000026,3.381640000000001,3.381640000000001,3.3816400000000018
-0.04238,-0.04237999999999609,-0.04237999999999631,-0.042379999999997864,-0.042379999999997864
3.7302,3.7302000000000026,3.7302000000000026,3.7302000000000017,3.7302000000000017
4.12782,4.127820000000003,4.127820000000003,4.127820000000004,4.127820000000004
2.9162,2.916200000000001,2.9162000000000017,2.9162000000000017,2.9162000000000017
-1.6312,-1.6311999999999962,-1.631199999999996,-1.6311999999999978,-1.6311999999999978
4.27152,4.271520000000002,4.271520000000002,4.2715200000000015,4.2715200000000015
2.8628,2.862800000000001,2.862800000000001,2.862800000000001,2.862800000000001
4.27522,4.275220000000004,4.275220000000004,4.275220000000004,4.275220000000004
4.0943,4.094300000000002,4.094300000000003,4.094300000000003,4.094300000000003
1.1069,1.1068999999999998,1.1068999999999998,1.1068999999999998,1.1069
2.2764,2.2763999999999998,2.2763999999999998,2.2763999999999998,2.2763999999999998
1.0391,1.0391000000000008,1.0391000000000017,1.0391000000000004,1.0391000000000004
1.9848,1.9848,1.9848,1.9848,1.9848
1.7245,1.7244999999999995,1.7245000000000001,1.7245000000000004,1.7245000000000004
-0.4594,-0.4593999999999996,-0.4593999999999996,-0.4593999999999987,-0.4593999999999987
3.29872,3.298720000000001,3.298720000000002,3.298720000000002,3.298720000000002
3.5348,3.5348000000000024,3.5348000000000024,3.5348000000000024,3.5348000000000024
3.62184,3.6218400000000024,3.6218400000000024,3.6218400000000024,3.6218400000000024
3.07152,3.0715200000000014,3.0715200000000014,3.0715200000000014,3.0715200000000014
5.2758,5.275800000000005,5.275800000000005,5.275800000000005,5.275800000000005
2.01362,2.01362,2.01362,2.01362,2.01362
2.2669,2.2669000000000006,2.2668999999999997,2.2669000000000006,2.2669000000000006
0.2307,0.23069999999999946,0.23070000000000013,0.23069999999999946,0.23069999999999946
3.9896,3.989600000000003,3.989600000000004,3.989600000000001,3.989600000000001
-0.0832799999999999,-0.08327999999999902,-0.08327999999999902,-0.08327999999999902,-0.08327999999999902
2.6154,2.6153999999999993,2.6154,2.6154,2.6154
3.4941,3.494100000000002,3.494100000000002,3.494100000000002,3.494100000000002
2.327,2.327,2.327,2.327,2.327
-0.3369,-0.3368999999999962,-0.3368999999999962,-0.3368999999999973,-0.3368999999999973
0.7501,0.7501000000000009,0.7500999999999995,0.7501000000000013,0.7501000000000013
1.1847,1.1847000000000005,1.1847,1.184700000000001,1.184700000000001
3.4555,3.4555000000000025,3.4555000000000025,3.4555000000000016,3.4555000000000016
2.3581,2.3581000000000003,2.3581000000000003,2.3581000000000003,2.3581000000000003
4.0632,4.063200000000001,4.063200000000001,4.063200000000002,4.063200000000002
4.3172,4.317200000000002,4.317200000000002,4.317200000000003,4.317200000000003
3.21502,3.2150200000000018,3.2150200000000018,3.215020000000001,3.215020000000001
4.0354,4.035400000000003,4.035400000000003,4.035400000000003,4.035400000000003
2.1093,2.1093,2.1093,2.1093,2.1093
2.3721,2.3721000000000005,2.3721000000000005,2.3721000000000005,2.3721000000000005
3.26192,3.261920000000001,3.2619200000000017,3.2619200000000017,3.2619200000000017
0.3591,0.35910000000000064,0.35909999999999975,0.35910000000000064,0.35910000000000064
4.66672,4.666720000000004,4.666720000000004,4.666720000000004,4.666720000000004
