smiles,SAS,Predicted SAS
"CC(C)(C)c1ccc2occ(CC(=O)Nc3ccccc3F)c2c1
",2.0840945720726807,2.084094572072681
"C[C@@H]1CC(Nc2cncc(-c3nncn3C)c2)C[C@@H](C)C1
",3.4320038192747795,3.4320038192747795
"N#Cc1ccc(-c2ccc(O[C@@H](C(=O)N3CCCC3)c3ccccc3)cc2)cc1
",2.4706326078252,2.4706326078252
"CCOC(=O)[C@@H]1CCCN(C(=O)c2nc(-c3ccc(C)cc3)n3c2CCCCC3)C1
",2.8227533111709646,2.822753311170967
"N#CC1=C(SCC(=O)Nc2cccc(Cl)c2)N=C([O-])[C@H](C#N)C12CCCCC2
",4.035182138302743,4.035182138302743
"CC[NH+](CC)[C@](C)(CC)[C@H](O)c1cscc1Br
",5.091437549913934,5.091437549913934
"COc1ccc(C(=O)N(C)[C@@H](C)C/C(N)=N/O)cc1O
",2.8523163989668188,2.8523163989668188
"O=C(Nc1nc[nH]n1)c1cccnc1Nc1cccc(F)c1
",2.627857491802141,2.627857491802141
"Cc1c(/C=N/c2cc(Br)ccn2)c(O)n2c(nc3ccccc32)c1C#N
",3.073935310669482,3.073935310669482
"C[C@@H]1CN(C(=O)c2cc(Br)cn2C)CC[C@H]1[NH3+]
",3.947933469646377,3.947933469646377
"CCOc1ccc(OCC)c([C@H]2C(C#N)=C(N)N(c3ccccc3C(F)(F)F)C3=C2C(=O)CCC3)c1
",3.1732023342288147,3.1732023342288134
"Cc1ccc2nc(S[C@H](C)C(=O)NC3CCC(C)CC3)n(C)c(=O)c2c1
",2.692305637306095,2.692305637306097
"O=C(N1CCc2c(F)ccc(F)c2C1)C1(O)Cc2ccccc2C1
",2.7331997723158103,2.7331997723158103
"Cc1ccccc1C(=O)N1CCC2(CC1)C[C@H](c1ccccc1)C(=O)N2C
",3.35035228349692,3.3503522834969193
"CCCc1cc(NC(=O)CN2C(=O)NC3(CCC(C)CC3)C2=O)n(C)n1
",3.077567175767636,3.0775671757676353
"CC(C)Cc1nc(SCC(=O)NC[C@@H]2CCCO2)c2c(=O)n(C)c(=O)n(C)c2n1
",3.1125333770559696,3.1125333770559696
"Cc1ccc(CNC(=O)c2ccccc2NC(=O)[C@@H]2CC(=O)N(c3ccc(C)cc3)C2)cc1
",2.4290374060065134,2.429037406006511
"CCCCC(=O)NC(=S)Nc1ccccc1C(=O)N1CCOCC1
",2.037915156931195,2.037915156931195
"Cc1c(NC(=O)CSc2nc3sc4c(c3c(=O)[nH]2)CCCC4)c(=O)n(-c2ccccc2)n1C
",2.622177706609248,2.62217770660925
"CC(C)[C@@H](Oc1cccc(Cl)c1)C(=O)N1CCC(n2cccn2)CC1
",2.940469366684302,2.940469366684301
"CCN(CC)C(=O)C[C@@H](C)[NH2+][C@H](C)c1cccc(F)c1F
",3.878253819274778,3.8782538192747786
"Cc1nc2c(c(Nc3ncc(C)s3)n1)CCN(C(=O)CCc1ccccc1)C2
",2.545686177141297,2.5456861771412953
"O=C(NCCNC(=O)N1C[C@H]2CC=CC[C@@H]2C1)c1cccnc1
",3.1943522106224136,3.194352210622414
"O=c1n(CCO)c2ccccc2n1CCO
",2.1086346291944853,2.1086346291944853
"COC(=O)Cc1csc(NC(=O)Cc2coc3cc(C)ccc23)n1
",2.30881719313029,2.30881719313029
"Cc1ccc(N2CC[C@@H](NS(=O)(=O)c3ccccc3C)C2=O)cc1C
",2.595621196728107,2.595621196728107
"CC[C@H](C)C[C@@H](C)NC(=O)N1CCN(CC(=O)NC2CC2)CC1
",2.9068065652230364,2.906806565223036
"CC(=O)Nc1c2n(c3ccccc13)C[C@](C)(C(=O)NC1CCCCC1)N(C1CCCCC1)C2=O
",3.1983612450235803,3.1983612450235803
"N#Cc1ccncc1NC[C@@H]1C[C@@]12CCc1ccccc12
",3.9186021755539393,3.9186021755539393
"Cc1cccn2c(=O)c(C(=O)NC[C@H]3CCO[C@@H]3C(C)C)cnc12
",3.449086114198873,3.449086114198873
"CNC(=O)c1ccc(/C=C/C(=O)Nc2c(C)cc(C)nc2Cl)cc1
",2.23947196482918,2.23947196482918
"CC1=C(CNC(=O)c2cc(-c3ccccc3)nc3c2CNN3C(C)C)CN=N1
",3.350933313893432,3.3509333138934316
"C[C@@H](NC(=O)COC(=O)/C=C/c1ccc(Cl)cc1)c1ccccc1
",2.2578478658596044,2.2578478658596026
"CCc1ccc(N(Cc2ccc(C)s2)C(=O)c2ccc(=O)n(C)n2)cc1
",2.398371955217087,2.398371955217087
"CCOC(=O)c1nnc2ccccc2c1N1CC[C@@H]([NH+](CC)CC)C1
",3.8898396808771496,3.8898396808771496
"Cc1ccc(C#N)cc1S(=O)(=O)NCc1ccnc(OC(C)(C)C)c1
",2.458668204502434,2.458668204502434
"O=C(O[C@H]1CCOC1)C1(c2ccc(Cl)c(Cl)c2)CCC1
",2.9338674926844224,2.9338674926844224
"CCC[NH2+][C@@H]1COC[C@H]1C(=O)NCc1cscc1C
",4.5919783731363575,4.5919783731363575
"O=C(NCc1nccc2ccccc12)c1ccc[nH]c1=O
",2.1587800643161543,2.1587800643161543
"CC(=O)c1ccc(S(=O)(=O)N2CCCC[C@H]2C)cc1
",2.276808227461629,2.276808227461629
"O=[N+]([O-])c1c(Nc2cccc3ncccc23)ncnc1N1CCN(c2cccc(Cl)c2)CC1
",2.399710276167351,2.399710276167351
"O=C(CCCO)Nc1ccc(F)cc1F
",1.7280306797795273,1.7280306797795273
"NC(=O)CCOc1ccc(NC(=O)C[C@H]2CCc3ccccc32)cc1
",2.4591139224806167,2.4591139224806167
"COc1cc(C)ccc1OCC(=O)Nc1nnc(C)s1
",1.9120490371496803,1.9120490371496803
"CC(=O)c1c(O)cccc1COc1ccccc1
",1.810419950878794,1.8104199508787922
"CCn1cc(S(=O)(=O)N2CCCCC[C@@H]2c2cc(-c3ccc(F)cc3)no2)cn1
",3.0015702167223264,3.0015702167223264
"COC(=O)[C@](NC(=O)c1cccc(Cl)c1)(Nc1ccc(Br)c[nH+]1)C(F)(F)F
",3.788624607046106,3.7886246070461045
"Cc1[nH]c2ccc(C(=O)Nc3cc(C(C)(C)C)nn3-c3ncccn3)cc2c1C
",2.5228512463075496,2.5228512463075514
"Cc1noc(C)c1C[C@H](C)C(=O)N[C@@H](C)C1CCCCC1
",3.166321591158068,3.166321591158068
"CCn1cc(C(=O)N[C@H]2CC(=O)N(C)C2)c(C(C)C)n1
",3.100388097080028,3.1003880970800273
"COc1cccc(-c2cncc3ccccc23)c1C(=O)N(C(C)C)C(C)C
",2.3940342695303283,2.3940342695303283
"COc1ccc([C@@H](C)NC(=O)Cc2cccc3ccccc23)cc1
",2.121840891631784,2.121840891631784
"O=C1C[C@H](c2nc(-c3cccnc3)no2)CN1c1cccc(Cl)c1
",2.6889268639203667,2.6889268639203667
"C[C@H]1CCCN(c2ccc(C(=O)Nc3ccc(N4CCOCC4)cc3)cc2[N+](=O)[O-])C1
",2.616748866138005,2.616748866138005
"C=CCN(C(=O)C/C=C/c1ccc(C)cc1)[C@@H]1CCS(=O)(=O)C1
",3.0798572669701163,3.079857266970116
"O=C(CSc1nnc(-c2cccc([N+](=O)[O-])c2)o1)Nc1nncs1
",2.4651558809130965,2.4651558809130965
"CN(CCc1ccc(F)cc1)c1cc(Br)cc(F)c1C(N)=O
",2.310321049494448,2.3103210494944477
"COc1ccccc1NC(=O)CSc1ccc(-c2ccccc2OC)nn1
",2.0069798079918666,2.0069798079918684
"Cc1occc1C(=O)/C(C#N)=C\c1cccc(C(F)(F)F)c1
",2.477264126417527,2.4772641264175252
"COc1ccc2c(c1)N(C(=O)CCSc1ccccn1)C[C@@H](C)O2
",2.8638823632036914,2.8638823632036914
"CC[C@@H](NC(=O)[C@H](C)n1cccn1)c1ccc(C)c(F)c1
",3.0063794160917547,3.0063794160917547
"CCC[C@]1(C(=O)N[C@@H]2CONC2=O)CC[NH2+]C1
",4.9887469729908585,4.9887469729908585
"O=C(c1cc2cc([N+](=O)[O-])ccc2oc1=O)N1CCN(Cc2ccccc2)CC1
",2.1188063487686755,2.1188063487686755
"CCn1c(CC2CC[NH2+]CC2)nn(CCO)c1=O
",3.859960222372005,3.8599602223720053
"C=CCn1c(S[C@H](C)C(=O)N2CCC(C)CC2)nnc1-c1ccc(Cl)cc1
",2.745497453810012,2.7454974538100103
"CCO[C@H]1C(=O)O[C@H]([C@@H](O)CO)C1=O
",4.085910843954972,4.085910843954971
"Cc1ccc(-c2nnc(C[NH+](CCO)[C@H]3CCc4ccccc43)o2)cc1
",3.930487866443922,3.9304878664439222
"Cc1cc(-n2c(C)cc(C[NH2+][C@H](C)c3ccc(F)c(F)c3)c2C)no1
",3.7457349091026906,3.7457349091026906
"C[C@@H](NC(=O)Nc1ccn(-c2ncccc2Cl)n1)[C@@H]1CCCO1
",3.296797873914346,3.296797873914345
"COc1cc(S(=O)(=O)N2CCN=C2Cc2ccccc2)ccc1Cl
",2.343666740641602,2.343666740641602
"COc1ccc(OC)c(/C=C2\Oc3cc(OC(=O)c4ccncc4)cc(C)c3C2=O)c1
",2.5187872700359626,2.518787270035965
"COc1ccc([C@@H](NC(=O)Nc2cc(C)ccc2Cl)C2CCOCC2)cc1
",2.596966695095043,2.596966695095043
"C[C@H](Cc1cccs1)N(C)C[C@@H]1CCCC[C@@H]1[NH3+]
",4.0541989433962415,4.054198943396242
"C[C@H]([NH3+])c1nc2cc(C(F)(F)F)ccc2n1C
",3.315049652759916,3.3150496527599156
"COc1cccc(CN2CCc3nnc(CCc4ccccc4)n3CC2)c1
",2.110015384914945,2.110015384914945
"O=C(N[C@H]1CCS(=O)(=O)C1)C1CC[NH2+]CC1
",4.149956161652306,4.149956161652306
"COCC[C@H](C)C(=O)N[C@@H](C)COC
",2.936499204493167,2.936499204493167
"Cc1cc(N(C)C)ccc1NC(=O)c1ccc(CN2CC[NH+](C)CC2)cc1
",2.8988038970606933,2.8988038970606933
"C[C@H](CNC(=O)[C@H]1CC[NH2+][C@@H]1C)C[NH+]1CCCC1
",5.948811613079501,5.948811613079501
"CN(C)c1ccc([C@H](CNC(=O)C(=O)Nc2ccccc2C#N)N2CC[NH+](C)CC2)cc1
",3.623964813315296,3.623964813315295
"CCOc1ncnc(S(=O)(=O)CC)c1N
",2.7919688880346865,2.7919688880346865
"CC[C@@H](NC(=O)N(C)Cc1ccc(-c2ccccc2)cc1)c1ccncc1
",2.4643846540591543,2.4643846540591543
"O=C(Nc1ccc(-c2nc3ccccc3o2)cc1)[C@H]1CCCN1S(=O)(=O)c1ccc(F)cc1
",2.5862446831190984,2.586244683119098
"CC[C@@H](C)CNc1nc2ccc(Cl)cc2s1
",2.588799238575384,2.5887992385753833
"Cc1cc(C)c2nc(N3CCN(C(=O)[C@@H]4CCCCN4S(C)(=O)=O)CC3)sc2c1
",2.906325257397849,2.9063252573978495
"CCc1nnc(-c2cc3ccccc3n2CC(=O)NC(C)(C)C)o1
",2.4218332632322688,2.4218332632322674
"CCc1ccc(NC(=O)c2nn(-c3ccc(CC)cc3)ccc2=O)cc1
",2.022570653704826,2.0225706537048254
"Cc1ccc(C(=O)N[C@H]2CCC[NH2+][C@H]2C)cc1F
",3.817035624834524,3.8170356248345243
"C[C@H](OC(=O)c1nc(C2CC2)n2ccccc12)c1cnc2ccccc2c1
",2.949809506130162,2.94980950613016
"CCCCOc1ccccc1C[C@@H]([NH3+])C(=O)[O-]
",3.3599617967861013,3.3599617967861013
"CCC[C@@H]1CN(C(=O)C(=O)Nc2ccc(C)nc2Cl)CCO1
",2.9673043600102766,2.967304360010276
"C[C@H]1C(=O)N(c2ccc3c(c2)CCC3)CCN1C(=O)c1ccc(Cl)c(Cl)c1
",2.731354336401104,2.7313543364011057
"COC(=O)C1(NC(=O)[C@H]2C[C@H]2c2c(F)cccc2F)CCSCC1
",3.536271418446864,3.536271418446864
"N#CC1(NC(=O)COc2cccc(Cl)c2)CCCC1
",2.194072020447594,2.194072020447594
"COC1CC[NH+](CCNc2nccn(C)c2=O)CC1
",3.968277148652722,3.9682771486527226
"C=CCN(Cc1cccc([N+](=O)[O-])c1)C(=O)Nc1cc(OC)ccc1Cl
",2.20400448946366,2.20400448946366
"Cc1cc(Cl)ccc1OCC(=O)N/N=C/c1ccccn1
",2.075582081970632,2.07558208197063
"O=C1NC(=S)NC(=O)C1=CNc1ccc([N+](=O)[O-])cc1O
",2.70393268925808,2.7039326892580817
"Cc1c(C(=O)N2CCOCC2)oc2c1-c1nn(CC(=O)NCc3ccco3)cc1CC2
",2.84526062667932,2.8452606266793197
"CCc1ccc(CNC(=O)c2ccc(-c3nccnc3N3CCCCC3)cc2)cc1
",2.085945711059868,2.0859457110598694
"COc1ccc([C@H]2C[C@@H](C(F)(F)F)n3nc(C(=O)NC4CCCCC4)cc3N2)cc1OC
",3.633380402777009,3.633380402777008
"CCCc1cc(C(=O)NNC(=O)c2cccc(Br)c2)[nH]n1
",2.3309583531570706,2.3309583531570706
"O=[N+]([O-])c1c(Nc2ccc(F)c(F)c2)ncnc1Oc1cccc2cccnc12
",2.418070111511957,2.418070111511957
"CC(C)(C)n1ncc2c1CCC[C@H]2NC(=O)CSc1nc2ccccc2o1
",3.0874100517384004,3.0874100517384004
"Cc1ccc([C@@H](C)NC(=O)N[C@@H](CCO)c2cccs2)cc1
",2.860821521289912,2.860821521289912
"CCN(CC)S(=O)(=O)c1ccc2nc(-c3ccncc3)cc(C(=O)[O-])c2c1
",2.596313654145714,2.596313654145714
"CCCN(CC)c1cc[nH+]c(C(=O)[O-])c1
",4.106739122556262,4.106739122556262
"Cc1ccccc1N1C(=O)C[C@H]([NH+](C2CCCCC2)C2CCCCC2)C1=O
",3.831933766485192,3.831933766485191
"CS(=O)(=O)[C@H]1O[C@H]1c1ccc(Cl)cc1Cl
",3.421216009954218,3.421216009954218
"C[C@H](CSc1ccc(C(=O)N(C)C)cn1)C(=O)[O-]
",3.2786204199881963,3.2786204199881963
"CCOC(=O)[C@H]1C=C(C#N)O[C@@H](c2ccc(C)cc2)C1
",3.5271606096186625,3.5271606096186625
"CCC[NH2+]C1CCC(O)(Cc2nc(C)cs2)CC1
",4.052006376218158,4.052006376218159
"O=C1c2ccccc2N[C@H](CSC2=NC=NC3=NC=N[C@@H]32)N1c1ccc(Cl)cc1
",4.110498695024469,4.110498695024469
"CCc1nc2ccccc2c(C(=O)NCc2ccc(OC)c(C(=O)OC)c2)c1C
",2.147468340324643,2.147468340324643
"Cc1nn(-c2nncc(-c3ccc(Cl)cc3)n2)c2c1[C@H](c1ccccc1)CC(=O)N2
",3.16993784636312,3.16993784636312
"CC(C)NC(=O)Nc1cccc(C(=O)N(C)Cc2nnc(C3CC3)n2C)c1
",2.3614725314845906,2.3614725314845924
"Cc1nnccc1C(=O)N[C@H](C)c1ccc(Cl)s1
",2.9173523430651187,2.9173523430651187
"O=C(NCCCc1nc(-c2ccc(Br)o2)no1)C1CC1
",2.3626210585493315,2.3626210585493315
"CCOc1cccc(NC(=O)CCc2ccc(N)cc2)c1
",1.6585520819706314,1.6585520819706314
"COc1ccc(/C=C2/SC(=O)N(CC(=O)Nc3ccc(F)cc3)C2=O)cc1OC
",2.0398854343417376,2.0398854343417376
"CC(C)N(C)C(=O)[C@H]1CSCN1C(=O)/C=C/SCc1ccco1
",3.6656014977393463,3.665601497739347
"CCC1(CC)[C@@H](NC(=O)Nc2ccc(C(=O)NC)cc2)[C@H](C)[C@@H]1OC
",3.620229776205405,3.620229776205405
"Cc1ccc2ncc(C(=O)Nc3ncccc3OCc3ccncc3)n2c1
",2.4269982111077386,2.4269982111077386
"N#Cc1ccnc(N2CCC([NH2+]C[C@@H]3CCCO3)CC2)c1
",3.868739991599667,3.868739991599667
"O=C(Cn1nnn(-c2cccs2)c1=O)OC1CCCCC1
",2.6594297490576424,2.659429749057642
"COc1cccc(COc2ccc(OC)cc2CCl)c1
",1.774788669885364,1.774788669885364
"CC[C@H](NC(=O)NCc1c(C)noc1C)c1ccc(OC)cc1
",2.5712750554316544,2.571275055431654
"CCc1c(C(=O)Nc2ccc3c(c2)NC(=O)CS3)[nH]c(C)c1C(C)=O
",2.6027856843371784,2.602785684337178
"CSc1ccc(/C=c2\sc3ncnn3c2=O)cc1
",2.4905308106073,2.4905308106073
"COc1ccc(C(=O)/C=C(\C)Nc2ccc(F)cc2F)cc1
",1.9967132689143727,1.9967132689143732
"O=C(C=C1CCSCC1)N[C@@H]1CCC[C@H]1Cc1ccccc1
",3.454757993899189,3.4547579938991895
"C[C@@H](Sc1nc(/C=C/c2cccs2)n[nH]1)C(=O)N1CCOCC1
",3.3937055304603563,3.3937055304603563
"Cc1cccc(C(=O)N[C@@H](C(=O)N2CCC[C@@H](C)C2)C(C)C)c1
",2.6372812904977607,2.6372812904977625
"COC(=O)[C@@H](C)Sc1nnc(Nc2cccc(Br)c2)s1
",2.696096888288817,2.6960968882888174
"Cc1cnc(C(=O)Nc2ccc(N(C)C3CC[NH+](C)CC3)cc2)cn1
",3.3100109328180287,3.310010932818029
"CC(=O)Nc1nc2ccc(NC(=O)NCc3ccccc3)cc2s1
",1.8780187571672755,1.8780187571672755
"C=CCN1C(=O)/C(=C/c2ccccc2F)S/C1=N\S(=O)(=O)c1cccs1
",2.6830887096954843,2.6830887096954843
"CC[C@H]1CC(=O)N(Cc2ccccc2C#CCCO)C1
",2.9658739270395404,2.9658739270395404
"COc1ccc(F)cc1C(=O)Nc1nccs1
",1.865948312609788,1.8659483126097882
"CC[C@@H](CC(=O)NC1(C(=O)OC)CCSCC1)c1ccccc1
",3.0274241456683395,3.0274241456683395
"Cc1ccc(C)c(-n2c(SCCCCCO)nc3ccccc3c2=O)c1
",2.1183055809397526,2.1183055809397526
"CC[C@@H](C)[C@@H]([NH3+])c1ccc(Cl)s1
",4.0442834910196765,4.044283491019677
"COc1cccc([C@@H](C)[NH2+]CCOc2ncccc2Cl)c1
",3.4582728451976816,3.4582728451976816
"CC[C@@H]1CCCCN1C(=O)NC1CCN(C(=O)OC(C)(C)C)CC1
",2.673980630154132,2.6739806301541336
"CCOc1cccc(NC(=O)NCc2ccc(N3CCSCC3)cc2)c1
",2.052870785010219,2.0528707850102172
"Cc1cccc(NC(=O)CN2CCN(c3ccc4c(c3)OCCO4)C2=O)n1
",2.3886366127255965,2.3886366127255965
"C=C(C)C(=O)N[C@H](C)c1nc2ccccc2n1CCC(=O)N1CCCCCC1
",2.7698667986394714,2.7698667986394696
"CCOC[C@H]1CC[NH+](Cc2ccc(-c3nc4ccccc4s3)o2)C1
",4.186773826234576,4.186773826234578
"CCOC(=O)[C@]1(Cc2cccc(Cl)c2)CCCN(C(=O)c2ccnn2C)C1
",2.964957170409201,2.9649571704092033
"Cc1ccc([N+](=O)[O-])cc1NC(=O)C(=O)N1CC[C@H]([NH+]2CCCC2)C1
",3.9944283730300674,3.9944283730300674
"CCOCCCNC(=O)N[C@@H]1CCC[C@@H](CC)C1
",2.8548050365992315,2.854805036599231
"O=C(Cc1cccc(F)c1F)Nc1cccc(Br)n1
",2.1544921946130504,2.1544921946130504
"COc1ccccc1NC(=O)[C@@H]1CCCN(C(=O)Nc2cccs2)C1
",2.552227384019078,2.552227384019078
"C[C@H]1CCC[C@](C#N)([C@]2(O)CCCCC2(C)C)C1
",4.221271489337696,4.2212714893376955
"O=C(NCc1ccc([N+]2=CCCC2)cc1)NC1(c2ccc(Cl)cc2)CC1
",2.971586412540584,2.9715864125405833
"CCCC(=O)N[C@@H]1CCC[NH+](Cc2ncccc2C)C1
",4.214481257391943,4.214481257391942
"O=C(NCc1cccs1)C1(c2cccc(Cl)c2)CCC1
",2.1765408966060136,2.1765408966060136
"C[C@H]1CCC[C@H](NC(=O)[C@@H](C)Sc2ncn[nH]2)[C@@H]1C
",3.5973139422713416,3.5973139422713416
"COc1ccc([C@@H]([NH2+]Cc2ccc(Cl)nc2)c2ccc(F)cc2)cc1
",3.270860076326771,3.2708600763267714
"COc1cc(NC(=O)[C@H](C)Sc2ccccc2Cl)cc(OC)c1
",2.385578661200885,2.385578661200885
"CCN1CCC(=NNC(=O)c2ccccc2)CC1
",2.039718680429786,2.039718680429786
"CCCOc1ccc(Br)cc1C[NH+]1CCC([C@@H](C)O)CC1
",4.05715998991737,4.05715998991737
"Cc1cc2n(C[C@H](O)CO[C@H](c3ccccc3)c3ccccc3C)c(=O)c3ccccc3n2n1
",3.2947967072781847,3.294796707278185
"CCc1ncc(CN(C)C(=O)Nc2c(C)ccc([N+](=O)[O-])c2C)s1
",2.657179312865757,2.6571793128657575
"c1ccc2nc(NCCCc3nc4ccccc4[nH]3)cnc2c1
",2.159337097388549,2.1593370973885477
"Cc1c([C@H](C)[NH2+]Cc2cccn2C)cnn1C
",4.051689129028328,4.051689129028328
"CC(=O)N[C@@H](C(=O)NC1COC1)C(C)C
",2.656179384989548,2.6561793849895476
"O=C(Nc1ccccc1F)c1cc2ccccc2c2cccnc12
",1.852203793001008,1.8522037930010065
"Cc1ccccc1N1C(=O)/C(=C/c2cccn2-c2cccc([N+](=O)[O-])c2)C([O-])=NC1=S
",3.001122271241655,3.0011222712416554
"COCCN1C[C@H](C(=O)N(Cc2cccc(Cl)c2)C(C)C)CC1=O
",2.7181561546296567,2.718156154629657
"COc1ccc(NC(=O)N2CCN(C(=O)Cc3csc4ccccc34)CC2)cc1OC
",2.185108716566962,2.18510871656696
"C#CCN(C[C@H]1CCCO1)C(=O)N[C@@H](C)c1cccc([N+](=O)[O-])c1
",3.2788404195949687,3.278840419594969
"Cc1cccc(C2=CCN(C(=O)Nc3ccc(C(N)=O)c(Cl)c3)CC2)c1
",2.234676275554284,2.2346762755542837
"COCCCN1C(=O)c2ccc(C(=O)Nc3nc(-c4ccc(C)cc4)cs3)cc2C1=O
",2.1772970602457544,2.1772970602457544
"O=S(=O)(Nc1ccc(N2CCCS2(=O)=O)cc1)c1ccc(F)c(Cl)c1
",2.2796425405244687,2.2796425405244687
"O=C1/C(=C/c2ccccc2)Oc2c1ccc1c2CN(Cc2cccs2)CO1
",2.6343519233764834,2.6343519233764834
"CC[C@@H](C)[C@@H](NC(=O)c1cccc(F)c1)C(=O)N=c1[nH]c2ccccc2[nH]1
",3.32425822545796,3.3242582254579593
"Cc1c(F)cc(N)cc1S(=O)(=O)N[C@@H](C)C1CC1
",2.871893946993106,2.871893946993106
"Cc1ccc(Cn2ncc3c(N)ncnc32)cc1
",2.06572282244162,2.0657228224416198
"CCOC(=O)C(C)(C)c1nc(-c2ccccc2)no1
",2.2664553295912806,2.266455329591281
"CCOC(=O)c1sc(/C=C/c2nc3c(s2)CCC3)nc1C
",2.8676859281244784,2.8676859281244784
"C[C@@H]1CC[C@@H]([NH2+]C2CCC(NS(C)(=O)=O)CC2)c2ccccc21
",4.147964232171473,4.147964232171473
"CN(C)S(=O)(=O)c1ccc(C(=O)N(C(=O)N2CCCCC2)c2ccccc2)cc1
",2.20013842579473,2.20013842579473
"CC[NH2+][C@@H](CC)c1ccccc1OCc1cccc(F)c1
",3.224233614428452,3.224233614428451
"C=CCOC(=O)C1=C(C)N=C2S[C@H](C)C(=O)N2[C@H]1c1ccc(F)cc1
",3.3073415353537,3.307341535353702
"CCC[NH2+][C@]1(C(=O)OCC)CC[C@H](n2cc(Cl)c(C)n2)C1
",4.590596657471066,4.590596657471066
"Cc1cc(NC(=O)CSc2nnc3c4ccccc4n(C)c3n2)ccc1Br
",2.334315772027832,2.3343157720278302
"CCOC(=O)c1sc(NC(=O)c2ccc(-n3c(C)nc4ccccc4c3=O)cc2)cc1C
",2.292380203934398,2.292380203934398
"CC#CCC(=O)C1([NH+](CC)CC)CCCC1
",4.452669104718962,4.452669104718962
"O=C(NCCCc1ccccc1)C1CCN(C(=O)[C@@H]2CC(=O)N(c3ccccc3)C2)CC1
",2.500728336888498,2.5007283368884963
"O=Cc1ccc(OCc2ccn(-c3cccc(F)c3)n2)cc1
",2.124798597571374,2.124798597571372
"Clc1ccccc1Cn1ccnc1
",1.867970519239595,1.867970519239595
"Cc1[nH]c(=O)c(C(=O)N2CCN(c3ccccc3)C(=O)C2)c(C)c1C
",2.3442218047385173,2.344221804738515
"C[C@@H](NC(=O)NC[C@H]1CCCN(c2ncccn2)C1)C1CCOCC1
",3.207719021952866,3.207719021952866
"O=C(NCCS(=O)(=O)c1ccccc1)N1CCC[C@@H]2CCC[C@@H]21
",2.8984272445437167,2.8984272445437167
"Cc1ccc(-c2cc(NC(=O)C(C)C)c(=O)n(CC(=O)Nc3cccc(C)c3)n2)cc1
",2.151516941527264,2.151516941527264
"Cc1ccc(S(=O)(=O)N2CCN(C(=O)[C@H]3CCCC[C@@H]3C(=O)[O-])CC2)cc1C
",3.2213029083404368,3.221302908340438
"CCc1ccc(-c2nc(C(=O)N3CCO[C@H](CC)C3)cs2)cc1
",2.642730256480604,2.642730256480606
"Cc1cc(C)cc(OCC(C)(C)C[NH2+]C2CC2)c1
",3.3643912501677384,3.3643912501677384
"CCOC(=O)[C@H](F)[C@@]1(O)CCC[NH+](C(C)C)CC1
",5.186099452446017,5.186099452446016
"CCn1cc(/C=C/C(=O)c2ccc3ccccc3c2)cn1
",2.1320365586415018,2.132036558641502
"CCC(CC)C(=O)Nc1cnn(-c2ccccc2F)c1
",2.1831171690178106,2.1831171690178106
"O=C1O[C@H](C(=O)Nc2ccnc3ccnn23)Cc2ccccc21
",2.9684529472226977,2.9684529472226995
"COCCn1nnnc1[C@@H](C(C)C)N1CCSCC1
",3.232175091366954,3.232175091366953
"O=C(NCCNS(=O)(=O)c1cccc(Cl)c1F)c1cccnc1
",2.1113270325892195,2.1113270325892195
"Cc1ccc(CNC(=O)NCc2nnc3n2CCC3)s1
",2.4679433815983347,2.467943381598335
"C/C=C/C[C@]1(C(=O)[O-])CCN(C(=O)OC(C)(C)C)C1
",3.612120014443876,3.6121200144438763
"O=C(N[C@@H](CO)c1ccco1)c1cc(Cl)ccc1OC1CCCC1
",2.7745847043408163,2.774584704340814
"Cc1cc(N(C)C)ccc1NC(=O)c1c[nH]c2nccc(Cl)c12
",2.381573667204604,2.381573667204604
"CCOC(=O)c1cccc(NC(=O)c2cn[nH]c2C)c1
",1.926293267918908,1.9262932679189095
"CCC(CC)[S@](=O)CCC(=O)[O-]
",4.391498230342084,4.391498230342084
"COCc1ccc(C(=O)N(C)Cc2ccc(Cl)s2)cc1
",1.991891894292536,1.9918918942925359
"O=C(CCc1nc2ccccc2c(=O)[nH]1)Nc1cc(Cl)c(Cl)cc1Cl
",2.174543324088731,2.174543324088731
"CC[C@@H](C)NC(=O)c1ccc2c(c1)CCCN2S(C)(=O)=O
",2.5472284727280474,2.5472284727280456
"COc1ccc(C)cc1-n1nnnc1SCC(=O)Nc1cc(C)cc(C)c1
",2.167714220947333,2.1677142209473335
"C[C@H](NC(=O)Cc1ccc[nH]1)C(=O)N1CCCC[C@H]1C
",3.1708323129153646,3.1708323129153646
"CCOC(=O)[C@H]1CCCN(C(=O)c2cc(C(C)C)n(C)n2)C1
",2.8759756588753462,2.875975658875346
"C[C@H]([NH2+]Cc1nc(Cc2ccccc2)no1)[C@@H](C)n1cccn1
",3.937529018888773,3.937529018888773
"c1cc(CN2CC[NH+](Cc3ccc4c(c3)OCCO4)CC2)no1
",3.6398541542447367,3.6398541542447367
"CCCCNC(=O)CCc1c(C)nc2c3ccccc3nn2c1C
",2.227745926161965,2.2277459261619637
"O=C(C[C@@H]1C[NH2+]CCO1)N[C@H]1C=CS(=O)(=O)C1
",4.83794793452932,4.8379479345293195
"C[C@@H]1CCO[C@@H]1C(=O)N1CC[C@H](C(N)=O)c2ccccc21
",3.6623936996894,3.6623936996894004
"CCC[NH2+][C@H](Cc1nn(C)c2ccccc12)c1ncc[nH]1
",3.96099385402492,3.9609938540249203
"CC(C)c1noc(-c2cc[nH+]c(N3CCN(C(=O)[C@H]4C[C@H]4C)CC3)c2)n1
",4.096947011804689,4.096947011804689
"O=C(NCc1cccnc1)NCc1ccnc(OCC(F)F)c1
",2.354917395351457,2.354917395351457
"C[C@@H](NC(=O)N1CCCCCCC1)[C@@H]1CCCO1
",2.87227473726056,2.8722747372605593
"COc1ccc([C@H]2C(C(=O)NCc3ccccc3)=C(C)Nc3ncnn32)cc1OC
",2.966996423872218,2.9669964238722173
"Cc1cc(=O)n2c(n1)SC[C@@H]2CC(=O)NCCC(C)C
",3.085538306870236,3.0855383068702373
"CC(C)C1=CN=N[C@H]1[C@H]1CCC[NH+](C[C@@H](C)Cc2ccc3c(c2)OCO3)C1
",5.059660169025172,5.059660169025172
"COc1cc(CNC(=O)c2occc2Br)ccn1
",2.3871285481638616,2.3871285481638616
"Cc1cccc(COc2ccc(Br)cc2/C=C2\SC(=S)NC2=O)c1
",2.3232680981076648,2.3232680981076665
"O=C(N[C@@H]1CCO[C@@H]1c1ccc(Cl)c(F)c1)[C@H]1Cc2ccccc2O1
",3.443741993399976,3.443741993399975
"Cc1ccc([C@]2([NH3+])CC[C@@H]2C)cc1
",3.791473025774513,3.791473025774513
"O=C(CNC(=O)c1ccco1)OCC(=O)c1ccc2ccccc2c1
",1.9949012361766432,1.9949012361766432
"O=C(c1cc2c(F)cccc2[nH]1)N(C[C@@H]1CCCO1)c1ccncc1
",2.9641943492456324,2.9641943492456324
"Cc1cc(C)c(NC(=O)c2cc3ccccc3n2C)c(C)c1
",1.9778325627353064,1.9778325627353066
"CSc1ccccc1NC(=O)N[C@@H](CO)c1ccc(Cl)cc1
",2.4556169988257204,2.455616998825718
"Cc1cc(Br)ccc1CNC(=O)C1CC=CC1
",2.224511774148249,2.224511774148249
"COc1ccc(CN/C(C)=C2/C(=O)N(c3ccc(OC)cc3)N=C2C)cc1
",2.1814674598137302,2.18146745981373
"O=C(COC(=O)C1(c2ccccc2F)CCCC1)N1CCOCC1
",2.301103038103731,2.301103038103731
"CC1(C)C(=O)NCC[NH+]1Cc1ccc(OCC(F)F)cc1
",4.0682124738448975,4.068212473844897
"Cc1ccc([N+](=O)[O-])cc1C(=O)Nc1ccc(C(=O)NC(C)C)cc1
",1.817735851561256,1.817735851561256
"C[C@@H]([C@@H](O)c1ccc2ncnn2c1)[N+](=O)[O-]
",3.818362170694437,3.8183621706944386
"C[C@H](Oc1ccc(Cl)c(Cl)c1)C(=O)NC[C@H]1CCC[C@@H]1O
",3.042296977124997,3.0422969771249972
"COC[C@H]1CCC[NH+](Cc2cc(C)n(Cc3ccco3)c2C)C1
",4.335534237550709,4.335534237550709
"Cc1ccc([C@H](C)NC(=O)CN(C)C(=O)OC(C)(C)C)cc1F
",2.5657720746624206,2.565772074662423
"CC(=O)NCCC(=O)N1CCC[C@@H](C)C1
",2.3678320621435383,2.3678320621435383
"COc1ccc(N2CCn3c2nn(CC(N)=O)c(=O)c3=O)cc1
",2.4414647729738324,2.4414647729738324
"ClC(Cl)(Cl)c1nonc1C(Cl)(Cl)Cl
",3.884031358400435,3.884031358400435
"CCc1sc(C(=O)N2CCN([C@@H](C(N)=O)c3ccccc3)CC2)cc1C
",2.7513557426801736,2.7513557426801754
"C[NH+](C)Cc1cc(NC(=O)CCCC(=O)N2CCCCCC2)[nH]n1
",3.3037081433565354,3.303708143356534
"C[C@@H](Nc1ccc(COC(C)(C)C)cc1)c1ccc(C#N)cc1
",2.5171127958162707,2.517112795816269
"NC(=O)c1ccc(NC(=O)c2cccn(Cc3ccc(F)cc3)c2=O)cc1
",1.9049178646720293,1.9049178646720293
"Cc1cc(C(=O)N2CC[C@H](C)C[C@H]2C)c2c(C)nn(C)c2n1
",3.1466466329524434,3.146646632952443
"Cc1c(C(=O)N2CCCC2)oc2c1-c1nn(CC(=O)N3C[C@@H](C)C[C@@H](C)C3)cc1CC2
",3.572807958389061,3.5728079583890615
"Cc1cc(C)cc(NC(=O)CC(C)C)c1
",1.719999657265456,1.719999657265456
"COc1cc(OC)cc([C@H]2CC[NH+](CCC(F)(F)F)C2)c1
",4.271184986383532,4.271184986383532
"CCn1ccnc(N2CCCC[C@@H](N3CC[NH+](C)CC3)C2)c1=O
",3.953671515221864,3.953671515221864
"C[C@@H]1CCC[C@](O)(c2ccc(Cl)s2)CC1
",3.3379130978663065,3.3379130978663065
"CCOC(=O)C[C@H](C)CNC(=O)C(=O)N1CCc2ccc(C)cc21
",2.879646364419866,2.879646364419866
"COc1ccccc1C[NH+]1CCC[C@H](N2CCCC2=O)C1
",4.050949973120932,4.050949973120932
"CCNc1ccc2c(OC)ccc(F)c2n1
",2.0778869368867934,2.0778869368867934
"Oc1ccc(C2[NH+](Cc3ccccc3)CC[NH+]2Cc2ccccc2)c(O)c1
",4.299541175286278,4.299541175286279
"Fc1ccc([C@@H]2C[C@@H](c3ccc(Br)cc3)Nc3ncnn32)cc1Br
",3.5856742737356377,3.5856742737356386
"COc1ccc(O)c(CNC2CC[NH+](Cc3ccccc3Cl)CC2)c1
",3.2347031592535647,3.2347031592535647
"Cc1ccc(NCc2cccc(C(=O)NCc3ccco3)c2)c(F)c1
",1.951214697715104,1.9512146977151055
"Cc1c(C(=O)N(C)[C@@H]2CCN(c3ccccc3Cl)C2=O)cnn1C
",2.9277239867974885,2.9277239867974885
"Cc1nc(C(C)(C)C)[nH]c(=O)c1C(=O)Nc1cccc(Cl)c1C
",2.42194254724874,2.42194254724874
"CCOC(=O)[C@H]1CCCN(C(=O)c2cn(CCc3ccccc3)nn2)C1
",2.610463021921481,2.610463021921481
"C[C@@H]1[C@H](C(=O)[O-])CCN1S(=O)(=O)c1ccc(F)c(Cl)c1
",3.537153352724612,3.537153352724612
"CC1CCC(OC(=O)C2=NC3=C(C(=O)C[C@@H](c4ccccc4)C3)[C@H]2C)CC1
",3.500590556285027,3.500590556285027
"CN(Cc1ccno1)Cc1c(C(=O)N2CC[NH+](C3CCCCC3)CC2)nc2ccccn12
",3.789982364327197,3.789982364327197
"Cc1cc(F)c([C@@H]([NH3+])[C@H]2Cc3ccccc3O2)cc1F
",3.652849071157125,3.6528490711571244
"COc1ccc(OCC(=O)N/N=C2\CCCc3ccccc32)cc1
",2.021619397396613,2.021619397396613
"CC(C)[NH+]1CCC(N2CC[NH+](Cc3c(F)ccc(F)c3F)C[C@@H]2CCO)CC1
",5.259319814511188,5.259319814511189
"CC[NH2+][C@@H](C)c1cc(F)c(C)cc1N1C[C@H](C)S[C@H](C)C1
",4.528861098303275,4.528861098303275
"CC(C)c1nsc(NC[C@H](C2CC2)[NH+](C)C)n1
",4.399227846739848,4.399227846739848
"Cc1ccc(-c2nc(C[NH+]3CCCC[C@H]3c3cccnc3)c(C)o2)s1
",4.300639569898072,4.300639569898072
"COc1cccc(C2=C[C@H](C(=O)N3CCCCC3)N=N2)c1
",3.149293727921515,3.149293727921515
"O=C(Nc1ccc2[nH]c(=O)[nH]c2c1)c1cc(S(=O)(=O)NC2CC2)ccc1Br
",2.325244731068792,2.325244731068791
"c1ccc2c(c1)CC[C@H]([C@H]1CCCc3cccnc31)N2
",3.173905994234046,3.1739059942340466
"Cc1ccc(NC(=S)NC(C)C)cc1C
",1.7934327341885314,1.7934327341885314
"C[C@@H](Nc1ccc2c(c1)CCC2)C(=O)N1CCCC1
",2.458359287171149,2.458359287171147
"CCOc1ccc(Nc2ccc(C#N)c([N+](=O)[O-])c2)cc1
",2.045455354460852,2.0454553544608522
"CC(C)OC(=O)CCNC(=O)c1cnn(-c2ccc(F)cc2)n1
",2.291660205666142,2.291660205666142
"CCCCOc1ccccc1NC(=O)c1scnc1C1CC1
",2.300655225318625,2.3006552253186268
"O=C1N=C(N2CCCCC2)S/C1=C1/C(=O)Nc2ccccc21
",2.4973574918021413,2.4973574918021413
"Cc1c([C@H](C)NC(=O)c2[nH]c3ccccc3c2Cl)cnn1C
",2.787395154461727,2.787395154461727
"CSc1cccc2sc(N3CCN(C(=O)c4ccn(C(C)C)n4)CC3)nc12
",2.588306381418441,2.588306381418441
"Cc1ccc(C)c2nc3sc(C(=O)Nc4ccc5c(c4)OCO5)c(N)c3cc12
",2.4309879292780483,2.4309879292780483
"COC(=O)CCN(Cc1cnc2ncccn12)C1CCOCC1
",2.8269471208498387,2.8269471208498373
"O=C(c1c[nH]c2ccc(F)cc12)N(CC1CC1)CC(F)(F)F
",2.4771833571867568,2.4771833571867568
"O=C(Cc1ccc(Cl)cc1)/N=C1/S[C@@H]2CS(=O)(=O)C[C@H]2N1c1cc(Cl)ccc1Cl
",3.3482362314749468,3.3482362314749468
"Cc1cccc(C)c1NC(=O)C[NH+]1CCC(OCc2ccc(F)cc2)CC1
",3.135914573226632,3.135914573226632
"C[C@H]1CCC[C@@H](C)N1C(=O)[C@@H]1COCCO1
",3.545385386417818,3.545385386417819
"CC(C)[C@@H](C)CC(=O)NNC(=S)NC1CCCCC1
",2.7947608901835204,2.79476089018352
"Cc1cccc(NC(=O)CN2C(=O)/C(=C3\SC(=S)N(Cc4ccco4)C3=O)c3ccccc32)c1
",2.5113349385768617,2.511334938576862
"CC(=O)N[C@@H]1C(=O)C[C@@H]2[C@H]3CCC4=CC(=O)CC[C@@]4(C)[C@@H]3CC[C@]12C
",4.247595679540866,4.247595679540865
"CCCNC(=O)[C@H]1CS[C@H](c2ccccc2O)N1C(C)=O
",3.087670662776105,3.0876706627761052
"Cc1ccc(N2CC[C@H](C(=O)NC[C@@H](CC(C)C)N3CCOCC3)C2=O)cc1
",3.175725776611406,3.175725776611408
"COc1ccc(NC(=O)CCc2ccc3c(c2)OCCO3)cc1OC
",1.8826839284843349,1.8826839284843349
"Cc1ccc(C(F)(F)F)cc1/C=C/C(=O)[O-]
",2.7360803434802,2.7360803434802
"Cc1ccccc1C(=O)Nc1ccc(N2CC[NH+](Cc3ccccc3)CC2)cc1
",2.8020158717474697,2.8020158717474697
"c1cc(C[NH2+]Cc2ccco2)cc(OC2CCCC2)c1
",3.04075271846836,3.04075271846836
"O=C(c1cccs1)N(Cc1ccc(F)cc1)Cc1cc(-c2ccccc2)cn2nnnc12
",2.549660105734725,2.5496601057347252
"COc1ccccc1CC(=O)N[C@@H]1CS(=O)(=O)C[C@H]1Cl
",3.032988861366915,3.032988861366915
"c1cc(-c2nc3c4cn[nH]c4ncn3n2)ccc1COc1ccc2c(c1)CCC2
",2.5941614732453644,2.5941614732453626
"CN(C(=O)c1ccc(Cl)cc1O)C1CCC(=O)CC1
",2.3286205411576533,2.328620541157653
"CNC(=O)CNS(=O)(=O)c1cccc(C(F)(F)F)c1
",2.0486427896783628,2.0486427896783628
"Cc1ccc(S(=O)(=O)N2C[C@@H](CC(=O)[O-])c3ccccc32)c(C)c1
",3.131172238545741,3.131172238545739
"Cc1cc(N)nc(SCC(=O)NC[C@@H](c2ccccc2)C(C)C)n1
",2.7573857026935333,2.757385702693533
"Cn1cc(C(N)=O)c(NC(=O)c2ccc3sccc3c2)n1
",2.4237932944869267,2.423793294486927
"COc1cc2c(cc1O)[C@H](c1cnc(-c3cccc(C)c3)nc1)CC(=O)N2
",2.9666751866035352,2.966675186603535
"CC(=O)Nc1ccc(O[C@H](C)c2nc(C(C)(C)C)no2)cc1
",2.67684258195227,2.6768425819522683
"O=C(c1c(-c2ccccc2)nc2sc3c(n12)CCCC3)C(F)(F)F
",2.6915737542162628,2.6915737542162628
"CC(C)CNC(=O)NC(=O)[C@@H](C)Nc1ccc(OC(C)C)cc1
",2.4982425957542347,2.4982425957542347
"C=C[C@](C)(O)CC[C@H]1C(C)=CC(=O)[C@H]2C(C)(C)CCC[C@@]21C
",4.432208084675887,4.432208084675885
"CC[C@H](C)Sc1nncn1-c1ccccc1C
",2.6910013835291458,2.691001383529146
"COCC(=O)N1CCCc2ccc(NC(=O)c3cccc(Br)c3)cc21
",2.0771786467941933,2.0771786467941933
"C[C@H](Oc1cccc(Cl)c1)C(=O)Nc1ccc2ccccc2c1
",2.137347738998088,2.1373477389980877
"Cc1cc(Br)ccc1SCC(=O)N1CCC(C(=O)c2ccc3c(c2)OCCO3)CC1
",2.37672877334642,2.3767287733464197
"Nc1ccc2c(c1)CN(C(=O)c1ccc(Cl)cn1)CC2
",2.167516605108037,2.1675166051080375
"C[C@H](CN(C)C(=O)c1ccc(F)c(F)c1F)C(=O)[O-]
",3.2274848244909715,3.227484824490972
"NC(=O)c1ccc(SCC(=O)Nc2ccc3c(c2)Cc2ccccc2-3)c([N+](=O)[O-])c1
",2.2813098698422625,2.2813098698422625
"CN(C(=O)CSCC(F)(F)F)c1cccc([N+](=O)[O-])c1
",2.5554864775394783,2.5554864775394783
"C=CCn1c(SCC(=O)Nc2cc(C)on2)nnc1[C@H]1COc2ccccc2O1
",3.078780080352672,3.0787800803526713
"CC(=O)N[C@@H](CC(=O)Nc1ccnn1Cc1ccc(C)o1)c1ccccc1
",2.7618474143757616,2.7618474143757616
"CNC(=O)Cc1nc(C[NH+](C)C2CCC(c3ccccc3)CC2)cs1
",3.7274619994036935,3.727461999403694
"COCCOc1c(Cl)cccc1NC(=O)Cc1c[nH]c2ccccc12
",2.0942012361766427,2.0942012361766427
"COCCN1[C@@H](C)CN(C(=O)C[NH+](C)C2CC2)C[C@H]1C
",4.595486039794257,4.595486039794258
"CSc1nncn1/N=C\c1cc(Cl)ccc1F
",2.7209079279944017,2.7209079279944017
"CC(C)(C)OC(=O)N1CC[C@H]2CC(=O)[C@H]2C1
",3.0838684237437137,3.0838684237437146
"C[C@@H](CCO)SCc1ccccc1OC(F)F
",2.794523171581518,2.7945231715815186
"C[C@@H]1C[C@@H]1C(=O)Nc1ccc(F)cc1C(=O)NC1CCC(O)CC1
",2.8769825133221385,2.8769825133221385
"COc1ccccc1CNC(=O)COc1ncnc2oc(C)c(C)c12
",2.346515591539589,2.346515591539589
"Fc1ccc(F)c(C[NH+]2CCC(n3cc(-c4cccnc4)nn3)CC2)c1F
",3.60609874290311,3.60609874290311
"O=C(C[NH+]1CCC(C(=O)c2ccc(Cl)cc2)CC1)NC[C@H]1COCCO1
",3.8769337911522506,3.876933791152249
"CCC[NH+](C)C[C@H]1CCN(C(=O)Nc2cc(NC(C)=O)ccc2C)C1
",3.7509121039155726,3.7509121039155744
"Cc1nc2ncnn2c(NCCOC2CCCCCC2)c1C
",2.636526482186758,2.636526482186758
"C[C@H]1CN(Cc2cnn(-c3ccccc3)n2)C[C@H](C)S1
",3.354093235613357,3.354093235613357
"COc1cc(OC)cc([C@@H](N[C@@H](C)c2ccc(F)cn2)c2[nH+]ccn2C)c1
",4.077611059466056,4.077611059466056
"CC(C)CCc1noc(C[NH+](C)[C@H]2CCC[C@@H]2S(C)(=O)=O)n1
",4.666611037487011,4.666611037487014
"CCc1nc2n(n1)CCC[C@H]2NC(=O)c1ccc(-n2cc(C)cn2)cc1
",3.079819944998404,3.0798199449984036
"C[C@@H](NC(=O)c1ccccc1CSc1nc2ccccc2[nH]1)C1CC1
",2.626933153249848,2.6269331532498477
"O=C([C@H]1CCCN1S(=O)(=O)N1CCCCC1)N1CCSCC1
",2.937505548985236,2.9375055489852357
"Cn1c(=O)c(=O)n(CC(=O)N2CCC3(CC2)OCCO3)c2cccnc21
",3.1498612506117087,3.1498612506117087
"COc1ccc(C(=O)N(CC2=CC=C[C@@H]3N=CC=C23)C2CC2)cc1
",3.452897747819076,3.452897747819076
"CCc1ccc(-c2nc(N)ccc2[N+](=O)[O-])cc1
",2.097790195222684,2.097790195222686
"c1csc([C@@H]2CN(Cc3cnc(C4CCC4)s3)CCO2)c1
",3.23226356480066,3.2322635648006592
"O=S(=O)(/N=C(\[O-])c1ccsc1)N1CCCC1
",3.2839823215021786,3.2839823215021777
"Cc1nccn1CC(=O)N1CCCC[C@@H]1CCNC(=O)c1ccccc1
",2.6351904065368656,2.635190406536866
"C[C@H](Sc1nnc(-c2ccc(Cl)cc2)n1C[C@H]1CCCO1)C(=O)Nc1ccc2c(c1)OCO2
",3.0827084557791906,3.0827084557791906
"COc1ccc(-n2nnc(-c3nc(-c4ccc5c(c4)OCO5)cs3)c2C)cc1OC
",2.477026817884079,2.477026817884079
"CN(c1ccccc1)S(=O)(=O)c1ccc2c(c1)C(C)(C)C(=O)N2
",2.2736013114353733,2.273601311435373
"Cc1cc(S(=O)(=O)N2CCN(C(=O)[C@H]3C[C@H]3c3ccc(Cl)cc3)CC2)c(C)s1
",3.060452950605864,3.060452950605864
"O=C(Nc1ccc(Oc2ccc(Cl)nn2)cc1)[C@@H](O)c1ccccc1
",2.5271023840190794,2.527102384019077
"CCCc1cc(=O)n2c(n1)SC[C@@H]2CC(=O)Nc1cccc(Cl)c1Cl
",3.046356504898198,3.046356504898199
"Cc1ccc(NC(=O)CSc2nnc([C@@H]3CCCN3C(=O)c3cccc(C)c3)n2C)cc1
",2.667786199621297,2.667786199621297
"Cc1noc(C)c1CCCNC(=O)N[C@H]1CC(=O)N(C2CC2)C1
",2.938927218893191,2.938927218893193
"CC(C)(C)[C@@H]1CCC(=O)[C@@H](CN2CCOCC2)C1
",3.1928177786806784,3.192817778680678
"COc1cc(/C=C2\SC([N-]c3cccc(C(=O)[O-])c3)=NC2=O)cc(OC)c1O
",3.624698668923018,3.624698668923018
"C=CCO[C@H](C)C(=O)Nc1ccc(F)cc1Br
",2.623849920318444,2.6238499203184436
"O=C(CN1CCN(Cc2ccc(F)c(F)c2)CC1)c1cccs1
",2.0384173953514555,2.0384173953514573
"CC[NH+]1C[C@H](c2ccccc2)CC2(CCN(C(=O)c3ccon3)CC2)C1
",4.599936281492836,4.599936281492836
"C[C@H]1C[C@H]([NH+]2CC[C@H](S(=O)(=O)NC3CC3)C2)CC(C)(C)C1
",5.111098444249652,5.111098444249652
"CC[C@H](Sc1cc(C)c2cccc(C)c2n1)C(=O)Nc1nc2ccc(S(N)(=O)=O)cc2s1
",3.0409107943006024,3.0409107943006024
"COC(=O)[C@]1(NC2CC2)CC[C@H](Sc2ncc(C)cn2)C1
",3.806593519405157,3.8065935194051566
"COc1ccccc1Nc1nn(CN(C)OC)c(=S)s1
",2.74473447671012,2.7447344767101196
"Cc1cc(C)c(C)c(S(=O)(=O)/N=C(\[O-])c2cc(C3CC3)n(C(C)(C)C)n2)c1C
",3.31994832443084,3.3199483244308396
"CC(C)(O)C#Cc1ccc(C[NH2+][C@H]2CCCN(c3nc4ccccc4s3)C2)s1
",3.944912324983732,3.94491232498373
"COc1ccc(OC)c(S(=O)(=O)n2cc3c(=O)n(C)c(=O)n(C)c3n2)c1
",2.6057512477054203,2.6057512477054185
"C/[NH+]=C(/NCc1noc(C(C)(C)C)n1)N[C@@H](C)c1ccc(F)cc1F
",3.7655789677294846,3.7655789677294855
"Cc1nnsc1C(=O)Nc1nnc(-c2ccc(Br)cc2)o1
",2.409599774278324,2.4095997742783233
"CCN(Cc1ccc(OC)c(OC)c1)C(=O)C[NH+]1CC[C@@H](C)[C@H](O)C1
",4.184749685707667,4.184749685707667
"O=C([O-])[C@H]1CCCCN1C(=O)CSCc1ccccc1
",2.8178026719788125,2.8178026719788125
"Cc1cccc([C@H](O)C[C@@H]2CCCCC[NH2+]2)c1
",4.0312096692231965,4.031209669223197
"O=C(C1CCCCC1)N1CCN(Cn2cc(Br)cn2)CC1
",2.311671110974414,2.311671110974414
"Cc1ccccc1COc1ccc([C@@H]2C3=C(CCCC3=O)Nc3nnnn32)cc1
",3.132501567101219,3.132501567101219
"CCO[C@@H]1C[C@@H]([NH+](C)C[C@@H]2CCCN(S(C)(=O)=O)C2)C12CCCCC2
",5.0750771702425785,5.075077170242578
"CCn1c(=O)c(=O)[nH]c2cc(C(=O)NN3C(=O)N[C@](C)(c4ccccc4)C3=O)ccc21
",2.9620366492981423,2.962036649298142
"COc1cc(OC)cc([C@@H](NC(=O)N(C)C2CCCCC2)c2nccn2C)c1
",2.9284140235664413,2.928414023566443
"O=C1[C@H]2[C@@H]3C=C[C@@H](C3)[C@H]2C(=O)N1CN(C(=O)C(F)(F)F)c1cccc(C(F)(F)F)c1
",4.594802100832382,4.594802100832382
"CCNc1ncc(COc2cccc3ccccc23)s1
",2.0990670339833546,2.0990670339833546
"Cc1noc(C)c1CCCNC(=O)c1c(C)nn(Cc2ccccc2)c1C
",2.2335709011092764,2.2335709011092764
"C[C@H]1CC([NH2+][C@@H](C)c2c[nH]c3cc(F)ccc23)C[C@H](C)O1
",4.334335811814563,4.334335811814563
"C/C(=C1/SC(=O)N(c2ccc(Cl)cc2)C1=O)c1ccc(Br)cc1
",2.296813571050756,2.296813571050757
"Cc1ccc(NC(=O)C[C@H]2SC([N-]c3ccc(N(C)C)cc3)=NC2=O)c(C)c1
",3.627882213215158,3.627882213215158
"CO[C@H]1CCCC[C@H]1NC(=O)NC[C@H](c1cccc(F)c1)[NH+](C)C
",4.043243079008988,4.043243079008988
"Cc1nn(C)c(C)c1CN[C@H]1CCC[NH2+]C1
",4.0954669308830765,4.095466930883076
"Cc1cc(=O)[nH]c(SCC(=O)N2C[C@]3(C)C[C@H]2CC(C)(C)C3)n1
",4.334279950878832,4.334279950878832
"COC1CC[NH+](Cn2nc(-c3ccc(C)cc3)n(C)c2=S)CC1
",3.6284207197193954,3.6284207197193954
"C[NH2+][C@]1(C(=O)[O-])CCC[C@@H](OCC2CCCCC2)C1
",4.411583501341485,4.411583501341485
"Cc1nnc(SCC(=O)c2cc(C)n(CC(F)(F)F)c2C)s1
",2.5709588200290003,2.5709588200290003
"CC(C)CN(CCC#N)C(=O)NC[C@@H]1CC[C@H](C(=O)[O-])O1
",3.8535013901249817,3.8535013901249817
"Cc1cc(CN2CCN3C(=O)NC[C@@H]3C2)cc(C)c1OC(F)F
",3.105081065047038,3.105081065047039
"CCNC(=O)c1cccc(NC(=O)NCCCSC)c1
",1.92108859758924,1.9210885975892413
"Cn1c(-c2cccc3ccccc23)nn(CN2CCOCC2)c1=S
",2.324814562231776,2.3248145622317757
"CCCCCN1C(=O)/C(=C/c2ccc(O)c(OCC)c2)SC1=S
",2.2191215037430645,2.2191215037430645
"N#CCCN(Cc1ccccc1)C(=S)NC(=O)c1cccc(Cl)c1
",2.1087565596461246,2.1087565596461264
"CCCS(=O)(=O)c1ccccc1C(=O)Nc1nnc(CC)s1
",2.2278532436936924,2.2278532436936924
"CNC(=O)[C@H](C)CN(C)Cc1cc(=O)n2cccc(C)c2[nH+]1
",4.0697818127215,4.0697818127215
"COCCNC(=O)/C(C#N)=C/c1cccc(O)c1
",2.2131286567611457,2.213128656761146
"CNC(=O)CN1c2ccccc2C(=O)N(C)[C@H]1c1ccccc1O
",2.8569643479288938,2.856964347928894
"CC(=O)N[C@H](C)C(=O)Nc1ccc(Sc2nncs2)c(Cl)c1
",2.8845179791779945,2.8845179791779962
"CC[n+]1c(N)n(CCOc2ccc(Cl)cc2Cl)c2ccccc21
",2.4269984711986847,2.4269984711986847
"COC(=O)CCCc1nnc(NC(=O)N2CCC[C@@H]3CCC[C@@H]32)s1
",3.1647110630332964,3.1647110630332964
"O=C(N[C@H]1CCCC[C@H]1OC1CCCC1)c1ccc([N+](=O)[O-])cc1
",2.9133050429664067,2.9133050429664067
"O=C(CCOc1ccccc1)NNC(=O)CC1(O)CCCC1
",2.236204675868075,2.236204675868075
"C=CCN(CC(=O)[O-])C(=O)[C@@H](C[NH3+])C(C)C
",4.421406893359624,4.421406893359624
"O=C(CCn1ccccc1=O)NCC1(c2ccccc2)CC1
",2.1689783022417037,2.168978302241701
"COc1cc(C)c([C@@H](C)NC(=O)CSC2CCCC2)cc1OC
",2.677682747739345,2.677682747739345
"C=CCNC(=O)Nc1ccc(F)c(NC(=O)OC)c1
",2.072317582577771,2.072317582577771
"Oc1ccccc1/C=[NH+]/CCC/[NH+]=C/c1ccccc1O
",3.975631514505309,3.9756315145053094
"Cn1cccc1Cc1nnc(SCC(=O)Nc2ccc3c(c2)OCCO3)n1C
",2.4837545532096708,2.483754553209671
"C[C@@H](C#N)CNC(=O)c1cccc(Oc2cccc(C(F)(F)F)c2)c1
",2.5722472836846286,2.5722472836846304
"Cc1oc(-c2ccccc2)nc1CCNC(=O)c1ccc([S@@](C)=O)cc1
",2.673271021921481,2.6732710219214812
"CCc1noc(C)c1C[NH+](C[C@@H]1CCCCO1)C(C)C
",4.340261159069213,4.340261159069213
"Cc1ccccc1Oc1cc(Br)ccc1C[NH3+]
",2.534873312609788,2.534873312609788
"CCc1cccc(CC)c1NC(=O)NC1CC1
",1.896859053198984,1.896859053198984
"CC[NH+]1CCN(C2(CNC(=O)c3ccccc3Br)CCCCC2)CC1
",3.420207005407412,3.420207005407412
"CCCCn1nc(C)c(C[NH2+]C[C@@H](C)O)c1Cl
",4.045169652759915,4.045169652759915
"C/C=C/C=C/C(=O)N1C[C@@H](C(=O)OC)[C@@H](C)C1
",3.575393670315272,3.5753936703152718
"COc1cccc(OC)c1OC1CC[NH+](Cc2ccc([C@H]3C[C@@H]3C)o2)CC1
",4.169447898942368,4.169447898942369
"COC(=O)c1cc(CSc2nnc(-c3cccnc3)n2-c2ccccc2F)oc1C
",2.452882619500265,2.452882619500267
"CCOc1ccc2cc(C(=O)NCc3ccccc3)c(=[NH2+])oc2c1
",2.4263605631873437,2.426360563187343
"O[C@H]1CCN(c2ccnc(N3CCc4[nH]c5ccc(Cl)cc5c4C3)n2)C1
",3.067753410585448,3.067753410585449
"O=S(=O)(NC[C@H](O)c1ccc(C(F)(F)F)cc1)c1cc(F)ccc1F
",2.6287683139846347,2.6287683139846347
"O=C(CSc1ccc2c(c1)OCCCO2)NC(=O)c1cccs1
",2.293940461837209,2.2939404618372095
"C[NH+](C)CCSc1ccc(NC(=O)C2CC2)nn1
",3.444107118299608,3.4441071182996073
"Cc1ccc(C)c(NC(=S)NCCc2cccs2)c1
",1.9718412512168264,1.9718412512168264
"CNc1ncc(F)c(-c2cccc(Cl)c2)n1
",2.1459977061175617,2.145997706117564
"Cc1ccc(-c2nnc(SCC(=O)Nc3ccc(CC#N)cc3)n2N)cc1
",2.1729523354643963,2.1729523354643945
"CCN(CC)C(=O)c1ccccc1OC(C)=O
",1.8083812975596203,1.8083812975596203
"Cc1ccc(-c2nc(-c3ccc(OCC(F)(F)F)nc3)no2)cc1
",2.2334961524063086,2.2334961524063086
"COc1ccc([C@@H](CNc2nc3ccccc3o2)N2CCOCC2)cc1
",2.689830662281123,2.689830662281121
"CNC(=O)[C@H]1CCCC[C@H]1[NH2+][C@H](C)c1cc(C)cc(C)c1
",4.140764881634283,4.140764881634283
"CCN[C@H](c1cccnc1)C1([NH+]2CCCCC2)CCCC1
",4.337441232294456,4.337441232294456
"Cn1ncc2c(NCc3ccco3)nc(CCc3ccccc3)nc21
",2.325451859877268,2.3254518598772655
"Cn1cc[nH+]c1C[C@H]1CCC[NH+](Cc2ncc(-c3ccccc3Cl)o2)C1
",5.02682997170708,5.0268299717070795
"Cc1cc(N2CC[C@H](C)[C@H](O)C2)nc(C)[nH+]1
",4.42562930356157,4.42562930356157
"Cc1nnc(CCC[NH+]2CCC(CC[NH+]3CCCC[C@@H]3C)CC2)o1
",5.517545530305156,5.5175455303051555
"CCc1nn(C)cc1CNC(=O)C1(CC)CCC1
",2.70713693305628,2.7071369330562796
"COc1ccc(N2/C(=N/C(=O)CCCC(=O)[O-])S[C@@H]3CS(=O)(=O)C[C@H]32)cc1Cl
",3.818487523725053,3.8184875237250537
"CC(=O)C1=C([O-])C(=O)N(CCC2=c3ccccc3=[NH+][C@H]2C)[C@H]1c1ccccc1F
",4.352506316945032,4.352506316945032
"COc1cc(C)c(C(=O)N[C@H]2C[C@H](C)N(c3ccccc3)C2)cc1OC
",2.8258150834590623,2.8258150834590623
"Cc1ccc([C@H]2C[C@@H]2NC(=O)N2CCC(C(N)=O)CC2)cc1C
",2.95101319297029,2.95101319297029
"Cc1nc2n(n1)CCC[C@@H]2N[C@@H]1CCc2c(Cl)cc(Cl)cc21
",3.706106632952444,3.7061066329524435
"CC(C)Oc1ccc(-c2nc(C(=O)O[C@@H](C)[C@@H]3CCOC3)cs2)cc1
",3.199561705875156,3.1995617058751558
"CN(C[C@@H]1CCCN(C(=O)NCCc2ccc(F)cc2)C1)C(=O)OC(C)(C)C
",2.6902053208767267,2.6902053208767267
"COc1cc(Cl)c(C)cc1NC(=O)[C@H](C)N1CCN(S(=O)(=O)c2c(C)noc2C)CC1
",2.8160260052909862,2.8160260052909862
"Cc1nc(-c2ccc(Cl)s2)sc1C(=O)N[C@H]1C[C@H]1C
",3.169026302130441,3.1690263021304412
"COc1cc(F)c([C@H]([NH3+])c2ccc(SC)cc2)cc1OC
",3.115957566683093,3.1159575666830914
"Cc1ccc(-n2ccnc2SCC(=O)N(CC(N)=O)C(C)C)cc1C
",2.4249446750906696,2.4249446750906714
"Cc1cccc(/C=C2\SC(=S)N(c3c(C)cccc3C)C2=O)c1
",2.213178474896912,2.213178474896912
"CC1=C(C(=O)OC(C)C)[C@H](C)N=C1C(=O)Nc1ncc(C)s1
",3.4800801438818647,3.4800801438818647
"COC(=O)c1cccc(C(=O)N2C[C@@H](c3ccc(F)cc3)C[C@H]2C)c1
",2.775719347107163,2.775719347107165
"O=C(NCCCn1ncccc1=O)[C@@H]1CC(=O)N(c2ccccc2)C1
",2.563363922480616,2.5633639224806153
"CCC(=O)N1CCCN(C(=O)N[C@@H]2CCc3ccccc32)CC1
",2.5427547320050814,2.542754732005081
"Cc1cccc([C@@H](C)[NH2+]CCS(=O)(=O)C(C)(C)C)c1C
",3.7798357302161207,3.7798357302161207
"Cc1ccc(-c2cnc(CCC(=O)NCC(C)(C)c3ccncc3)o2)cc1
",2.365284403396464,2.3652844033964637
"Cc1cc(NN)c2cccc(OC(F)(F)F)c2[nH+]1
",3.556977121439324,3.556977121439324
"C[C@H]1CCC[C@@H](C(=O)Nc2cccc(OCCc3ccccc3)c2)[NH2+]1
",3.4354351441867967,3.4354351441867967
"Cn1ncnc1CCNC(=O)[C@H]1C[C@@H]1c1cc(Cl)cc(Cl)c1
",3.221073878610012,3.221073878610012
"CC[C@H](Sc1nnc2cc(C)c3cc(C)cc(C)c3n12)C(=O)Nc1nnc(COC)s1
",3.2949903288984146,3.294990328898413
"CCOc1ccc(S(=O)(=O)N2CCC(c3nnc(C4CC4)o3)CC2)cc1
",2.2951658720000427,2.2951658720000427
"Cc1cc2nc(C)c(CCC(=O)NC[C@@H](c3ccccc3)N3CCOCC3)c(C)n2n1
",2.891794155679923,2.891794155679923
"COc1ccc(N2C(=O)CS[C@H]2c2ccc(Cl)cc2)cc1Cl
",2.5545656340614507,2.5545656340614507
"C/C=C(\C)[C@@H]1C=C[C@@H]2C[C@H](C)C[C@H](C)[C@@H]2[C@@H]1C(=O)C1=C([O-])[C@H](C[C@](C)(O)C(=O)[O-])NC1=O
",5.692540782615093,5.692540782615093
"CS(=O)(=O)c1ccc(NC(=O)N2CCC[C@H]2CC2CCCCC2)cc1
",2.6247166039540737,2.6247166039540737
"COc1ccc(C(=O)OCc2nc3ccccc3s2)cn1
",2.072266571251843,2.0722665712518413
"COc1ccc(S(=O)(=O)Nc2ccccc2-n2nc(C)cc2C)cc1NC(C)=O
",2.1756056907519934,2.175605690751995
"Cn1c(=O)n(CC(=O)N[C@@H]2CCCc3ccc(F)cc32)c2ccccc21
",2.671452310902769,2.671452310902769
"N#C/C(C(=O)NC1CCCC1)=C(/[O-])Cc1cnn(-c2ccccc2)c1
",2.8438723900227973,2.8438723900227956
"NC(=O)[C@H](Nc1cccc(Oc2ccccc2)c1)c1ccc(F)cc1
",2.314629307096002,2.3146293070960002
"CCN(C[C@@H]1CCOC1)C(=O)Nc1cc2c(cc1Cl)OCCO2
",2.890700186550536,2.8907001865505357
"CCCCc1nnc(NC(=O)C2CCN(S(=O)(=O)c3ccc(C)cc3)CC2)s1
",2.1781405534260507,2.1781405534260507
"CC[C@@H](NC(=O)c1ccc(Br)o1)C(=O)N1CCOCC1
",2.7068177674096976,2.706817767409696
"CC[C@]1(c2ccccc2)NC(=O)N(CCOc2ccc(Cl)cc2Cl)C1=O
",2.6142257110679523,2.6142257110679523
"COc1ccc(OC)c(NC(=O)c2ccc3c(c2)C(=O)N(c2cc(C)on2)C3=O)c1
",2.258116340430498,2.258116340430499
"Cc1ccc(OCC(=O)NC(=S)NC[C@H]2CCCO2)cc1
",2.471810537505375,2.471810537505375
"CN(C(=O)CCOc1cccc(C(N)=O)c1)[C@H]1CCC[NH+](C)C1
",3.920975212201059,3.920975212201059
"COC(=O)c1ccc(NC(=O)c2c(C)sc3ncnc(N4CCC[C@H](C)C4)c23)cc1
",2.8427901353317573,2.8427901353317573
"Cn1ncc2c1CC/C(=C\c1ccc(-n3cncn3)c(F)c1)C2=O
",2.7981117337559045,2.7981117337559045
"O=C(Cc1ccc([N+](=O)[O-])cc1)NCC1(O)CCOCC1
",2.29793175602539,2.29793175602539
"C=CCOc1ccc(CNc2ccc(OC)cc2)cc1
",1.6899972277521798,1.6899972277521798
"C[C@H]1N=C(CCNC(=O)CCC2=c3ccccc3=[NH+]C2)CS1
",4.495171860798424,4.495171860798424
"COC(=O)c1cc(NC(=O)[C@@H]2CCO[C@H]2C)ccc1C
",2.958599770457824,2.9585997704578233
"COc1ccccc1[C@@H](C)NC(=O)c1cnc2c(C)cccn2c1=O
",2.5753241972058927,2.575324197205891
"CC[C@@H](C)NS(=O)(=O)c1cc(N2C(=O)[C@@H](C)CS2(=O)=O)ccc1OC
",3.276728218236036,3.2767282182360358
"CC(C)(C)NS(=O)(=O)c1ccc(OCC(=O)N2CCOCC2)cc1
",2.068895741052956,2.0688957410529554
"COCCCNC(=O)[C@H]1CN(C(=O)c2cccs2)CC12CCCCC2
",3.501016993399974,3.5010169933999746
"Cc1nc(-n2cccc2)sc1C(=O)Nc1cccc(-c2cn3ccsc3n2)c1
",2.617988595319323,2.617988595319323
"CC[S@](=O)[C@H]1CCCC[C@@H]1NC(=O)NC[C@H](O)c1ccco1
",3.9318644550018895,3.9318644550018895
"Cc1cc2ncn(C[C@H]3CC3(Cl)Cl)c2cc1C
",3.09974824807764,3.099748248077641
"Cc1ccccc1OCC(=O)O[C@@H](C)c1nccs1
",2.6331750913669527,2.6331750913669527
"C[C@H](C(=O)N1CCOCC1)[NH+]1CCN(Cc2ccc3c(c2)OCO3)CC1
",3.7168993620024526,3.7168993620024526
"CCN(C(=O)[C@@H]1Cc2ccccc2S1)[C@H]1CCC[C@@H]1C[NH3+]
",4.13438514688627,4.13438514688627
"Cc1cc(Br)ccc1NC(=O)[C@@H](C)[NH+](C)Cc1cccs1
",3.788040158797324,3.7880401587973243
"COC(=O)[C@H]1CCC[C@H]1NC(=O)Nc1ccc(C)cc1C
",2.753097453227033,2.753097453227035
"CC(C)NS(=O)(=O)c1ccc(C(=O)N[C@H](C)c2ccccc2Br)cc1
",2.3861029496299384,2.3861029496299384
"CC(C)OCCN1CCN(C(=O)Nc2ccccc2C(F)(F)F)CC1
",2.14484320942079,2.14484320942079
"CCn1cc(-c2nc(-c3cccc(Cl)c3)no2)c(=O)c2ccccc21
",2.19866277463818,2.19866277463818
"COC[C@@H](C)NC(=O)C(=O)Nc1cc(-c2ccccc2)nn1C(C)C
",2.80281584555754,2.8028158455575394
"C#CCOc1ccccc1CN1CCN(C2=[NH+]C[C@@H](C)S2)CC1
",3.7446290666256825,3.7446290666256825
"COCCNC(=O)[C@H]1CCCN1S(=O)(=O)c1ccc(Br)cc1
",2.444911674007754,2.444911674007754
"Cc1ccc(C[C@H](O)c2c(F)cc(Br)cc2F)cc1
",2.525588996692397,2.5255889966923952
"COC(=O)[C@@]1(NC2CCCC2)CCCS[C@H]1C
",3.7299498576062415,3.7299498576062424
"CCC[NH2+][C@H](Cc1ccccc1)[C@@H]1CN(CC)CCO1
",3.890538593703543,3.8905385937035426
"C=CCn1c(=O)c2c(nc3n2[C@H](C)C(C)=NN3C)n(C)c1=O
",3.504362542838841,3.504362542838842
"C[C@H]1CCCC[C@H]1NC(=O)c1cc(S(=O)(=O)N2CCOCC2)ccc1Cl
",2.8194249886223943,2.8194249886223925
"COCCn1ccc2ccc(NC(=O)NCCc3ccccn3)cc21
",2.201673575481174,2.2016735754811734
"Cc1nc(CNC(=O)C(=O)Nc2cc(Cl)ccc2Cl)no1
",2.235174124410948,2.235174124410948
"CS[C@@H]1CC[C@H](NC(=O)CCC(=O)c2ccc(C)s2)C1
",3.2865663788494306,3.2865663788494324
"Cc1nc(/C=N/Nc2ccc(Cl)nn2)c[nH]1
",3.292742455281441,3.2927424552814433
"O=C(CSc1nnnn1C1CC1)N[C@H](CO)C(=O)[O-]
",3.304065032195356,3.304065032195356
"O=C(COc1ccc(Br)cc1)N[C@H]1CCS(=O)(=O)C1
",2.4714434513088968,2.4714434513088968
"CCc1nnc(NC(=O)c2ccccc2N)s1
",2.000431966455942,2.000431966455942
"O=C([O-])c1ccccc1-c1ccc(/C=C2\C(=O)N(c3cccc(Br)c3)C(=O)N=C2[O-])o1
",3.228896276546694,3.2288962765466946
"COc1ccc(-c2csc(NC(=O)c3ccc(S(C)(=O)=O)cc3)n2)cc1OC
",1.9639252961419515,1.9639252961419515
"COc1ccc(Cn2ccc3nc(N4CCN(c5ccccc5)CC4)ncc3c2=O)cc1
",2.2140514314303084,2.214051431430308
"Cc1nn(C)cc1/C=N/NC(=O)c1ccncc1
",2.352776511964766,2.352776511964766
"N#Cc1ccc(OC2CCC(NC(=O)c3ccc[nH]3)CC2)nc1
",2.567054813157532,2.5670548131575313
"CC(C)c1ccc2oc(-c3ccc(C[NH3+])cc3)nc2c1
",2.571302030209252,2.5713020302092513
"COc1ccc([C@@H]2NC(=O)N[C@@](O)(C(F)(F)F)[C@H]2C(=O)c2ccc(F)cc2)cc1OC
",3.4104235817048507,3.410423581704851
"Cc1cc(NC(=O)c2cccc([N+](=O)[O-])c2C)n(-c2ccccc2F)n1
",2.150125643309813,2.1501256433098135
"CCC(=O)N1CCCC[C@@H]1C(=O)NCCc1ccc(F)cc1C
",2.507496209277808,2.507496209277809
"Cc1ccc(S(=O)(=O)N2C(N)=C(C#N)[C@H](c3ccc(Cl)cc3)[C@H]2C(=O)c2ccccc2)cc1
",3.189180174006616,3.189180174006615
"C[NH+](C)[C@@H]1CC[C@H](NC(=O)[C@@H]2CCCc3[nH]ncc32)C1
",4.774988333991288,4.774988333991288
"CCOCCS(=O)(=O)[N-]c1cc(Br)ccc1O
",3.527959223981024,3.527959223981025
"NC1=NC(=O)[C@H](CC(=O)N2CC[C@H](c3ccccc3)C2)S1
",3.0772330500440104,3.0772330500440095
"Cc1noc(-c2cccnc2N2CC[C@H](NC(=O)COc3ccc(F)cc3)C2)n1
",2.7979174429900344,2.797917442990034
"Cc1ccc(OC(=O)c2cccc(C(=O)Oc3ccc(C)cn3)n2)nc1
",2.4961615060956763,2.496161506095678
"CN(CC1CCCC1)C(=O)C(=O)Nc1cccc(SC(F)F)c1
",2.4298102056661417,2.4298102056661417
"COc1cccnc1N(C)C(=O)C[C@H](C)Cc1ccc(Cl)cc1
",2.745273613123961,2.7452736131239615
"O=C(c1cc(=O)[nH]c2ccccc12)N1CCC([C@H](O)c2ccccc2)CC1
",2.5871361333490963,2.5871361333490963
"CCO[C@@H]1C[C@@H]([NH3+])[C@@H]1Nc1ncc(Cl)cc1F
",4.350345064104806,4.350345064104806
"CC(=O)Nc1ccc(NC(=O)c2ccc3c(c2)Cc2ccccc2-3)cc1
",1.8359027202328908,1.835902720232891
"COCCOC[C@H]1CC[NH+](C2C[C@@H](C)O[C@H](C)C2)C1
",5.032776641835928,5.032776641835928
"O=C1OC(c2ccccc2OC(F)F)=N/C1=C\c1cccc(F)c1
",2.3507730754832306,2.3507730754832306
"COc1ccccc1CNC(=O)c1cc2sccc2n1Cc1cccc(F)c1
",2.1647596814148,2.1647596814148002
"CCOC(=O)C1(NCc2nnc(-c3cc(C)oc3C)o2)CCCC1
",2.805358595845222,2.805358595845222
"N#Cc1cccc(NC(=O)N2CCC(NC(=O)CC3CCCC3)CC2)c1
",2.181004258694431,2.181004258694429
"CCOC(=O)C1=C(c2ccccc2)Nc2ncnn2[C@H]1c1ccc(SC)cc1
",3.1899516412230486,3.1899516412230486
"Cc1cc(NC(=O)N[C@@H](Cc2ccccc2)c2ccccc2F)n(C)n1
",2.6090641612146204,2.6090641612146204
"C[C@H](Sc1cccc[n+]1[O-])C(=O)NC[C@H]1COc2ccccc2O1
",3.2939297921302875,3.293929792130287
"O=C(NCCOc1ccc2c(c1)OCO2)c1cc(C2CC2)on1
",2.337504181699437,2.337504181699437
"N#CCC[NH2+]C1(C(=O)[O-])CC1
",5.046667710302534,5.046667710302534
"CC[C@@H](Oc1ccccc1OC)C(=O)NCc1ccccn1
",2.367622032501719,2.3676220325017194
"Cc1nc(C[C@@H](N)[C@]2([NH+](C)C)CCC[C@H](C)C2)cs1
",4.713969878262642,4.713969878262642
"CCOc1ccccc1/C=C1\Oc2c(ccc([O-])c2C[NH+]2CCN(C)CC2)C1=O
",3.810429333013348,3.8104293330133476
"CC(C)Cn1cc[nH+]c1CN[C@@H](c1ccccc1)C(C)C
",3.6965216587570033,3.696521658757005
"Cc1c(C[NH+]2CCC[C@H]2c2ccc3c(c2)OCO3)cc(C#N)n1C
",4.495667584772428,4.495667584772428
"O=C(CBr)c1cnc2ccc(Cl)cn12
",2.688990644863736,2.688990644863736
"COc1ccc(F)cc1NC(=O)c1sccc1S(=O)(=O)N(C)C
",2.1184457283088225,2.1184457283088225
"COc1ccc(Br)cc1/C=C1/C(=O)NN(c2ccc(C)c(C)c2)C1=O
",2.31335090172848,2.313350901728482
"CC(C)(C)c1ccc(C(=O)N[C@H]2CCN3CCCc4cccc2c43)cc1
",2.6341219574724164,2.6341219574724164
"CC[NH+]1CCC[C@@]2(CC1)C[NH+]=C(N)N2c1ccc(C)cc1
",5.574310736347983,5.574310736347983
"CN(C)c1ccc(/C=C(/C#N)C(=O)c2cccc(C#N)c2)cc1
",2.28248063835845,2.28248063835845
"CCCC[C@@H](NC(N)=O)C(=O)Nc1cc(OC)ccc1F
",2.367466529408208,2.3674665294082082
"COC1=CC2=NC(SCc3cc(-c4ccccc4)on3)=NC2=CC1
",3.359930095430971,3.359930095430972
"Cc1ccc([C@@](C)(O)CNC(=O)NC[C@@H](c2ccco2)[NH+]2CCCCC2)o1
",4.624491854986326,4.624491854986326
"C[C@@H](NC(=O)CSc1ccc2c(c1)OCCCO2)c1ccc2ccccc2c1
",2.6072402591092256,2.6072402591092256
"CCN1CCN(S(=O)(=O)c2cc(-c3csc(C)n3)ccc2C)CC1
",2.1766798763206734,2.176679876320673
"Cc1nccn1Cc1ccc(NC(=O)c2cccc(-n3cccc3)c2)cc1
",2.125334335742597,2.125334335742597
"Cc1cccc([S@@](=O)Cc2ccc(N)c(F)c2)c1
",2.783712035372812,2.7837120353728118
"CC(C)C[C@@H](C[NH3+])c1nc(C2CCOCC2)no1
",3.7722687231556176,3.7722687231556176
"CC1=NC(SCC(=O)Nc2ccccc2C(F)(F)F)=NC(=O)[C@H]1Cc1ccccc1
",3.1296809498113967,3.129680949811396
"Cc1ccc(F)cc1NC(=O)C(=O)NCCCn1cc[nH+]c1
",3.111373977534151,3.111373977534151
"COc1cccc(C[NH2+]Cc2cccc(Br)c2OC)c1OC
",2.9736494117773264,2.973649411777327
"Nc1cc(=O)[nH]c(SCC(=O)Nc2nc(-c3ccc(Br)cc3)cs2)n1
",2.476458820141973,2.476458820141973
"CCc1noc(CN(CC)C(=O)C(C)(C)NC(=O)c2cccs2)n1
",2.7137509858082005,2.7137509858082005
"CC(C)C[C@](C)(O)CNC(=O)CC[C@H](C)O
",3.1870203064611102,3.1870203064611102
"C=C[C@@H](C)NC(=O)c1c(C)cc(C)c([N+](=O)[O-])c1C
",3.2779808998441897,3.2779808998441897
"O=C(Nc1ccc(S(=O)(=O)NC[C@@H]2CCCO2)cc1)[C@H]1CC(=O)N(c2ccc(F)c(Cl)c2)C1
",3.037905214464056,3.037905214464054
"CC1(C)CCC[C@H]1N1C(=O)c2cccc(N)c2C1=O
",3.1101416594142908,3.1101416594142908
"CCCNC(=O)NC(=O)CN1C(=O)N[C@](Cc2ccccc2)(c2ccccc2)C1=O
",2.687558461123613,2.6875584611236114
"O=C(COc1cc(Cl)c(Cl)cc1Cl)N1CCN(C(=O)Nc2ccccc2)CC1
",2.0038910889664603,2.0038910889664603
"CCc1nc2n(n1)C[C@H]([NH2+]CCNS(=O)(=O)c1ccccc1)CC2
",3.8648228314311166,3.864822831431116
"CCCCN(C(=O)c1oc2ccccc2c1C)c1c(N)n(CCC)c(=O)[nH]c1=O
",2.52263184459815,2.5226318445981484
"CCCn1c(S[C@H](C(N)=O)c2ccccc2)nc2sc(CC)cc2c1=O
",2.8603496309836505,2.8603496309836522
"COc1cccc(CCNC(=O)CN2CCN(c3ccccc3O)CC2)c1
",1.925138387873524,1.9251383878735222
"c1ccc2c(NCc3nnc(C4CCC4)o3)cccc2c1
",2.1374312134842786,2.1374312134842786
"CC1=C(C(=O)C2=C([O-])C(=O)N(CC[NH+](C)C)[C@H]2c2cccc(Cl)c2)[C@H](C)N=N1
",4.783832520833207,4.783832520833207
"CCOc1ccc([C@@H]2Nc3ccc(C(=O)N(C)C)cc3[C@H]3C=CC[C@H]32)cc1
",3.285554081698717,3.2855540816987174
"COc1ccc(Cc2sc(NC(=O)[C@H]3COc4ccccc4O3)nc2C)cc1
",2.719348222419628,2.7193482224196277
"Cc1cnc2nc(C[C@H](O)C(F)(F)F)[nH]c2c1
",3.2814880474087453,3.281488047408745
"CCN(CC(C)(C)O)C(=O)COCc1ccccc1Cl
",2.3366209235965663,2.3366209235965663
"O=C(Nc1cccc2ccccc12)NC1CC[NH+](CC(F)F)CC1
",3.277232803990018,3.2772328039900174
"O=C1C(=O)N(CC[NH+]2CCOCC2)[C@@H](c2cccc([N+](=O)[O-])c2)/C1=C(\O)c1cccs1
",3.9794957605357433,3.979495760535743
"CC[C@@H](C)N(CC)C(=O)c1ccccc1N
",2.4501613852659023,2.4501613852659023
"Cc1cc(C)c(C(=O)Cn2nc(N)n(Nc3cccs3)c2=S)c(C)c1
",3.0043542462100863,3.0043542462100863
"C[C@H]1CN(C(=O)CC[C@H](C)c2ccccc2)C(C)(C)CO1
",3.250651829884857,3.2506518298848572
"CN(C)c1nc2c(c(-c3ccc(S(C)(=O)=O)cc3)n1)CCCC2
",2.347343378743064,2.347343378743064
"CC(C)c1ccc(CNC(N)=[NH2+])cc1
",2.5101473873115734,2.510147387311571
"CN(C)N1C(N)=C(C#N)[C@@H](c2cccs2)C2=C1CCCC2=O
",3.400439290653404,3.400439290653404
"O=C(N[C@H]1C=C[C@H](C(=O)[O-])C1)c1cc(F)c(Cl)cc1Cl
",3.783245225003277,3.7832452250032773
"CC(C)n1nnnc1COc1cccc(C(=O)NC2CCCCCC2)c1
",2.235103951002124,2.235103951002122
"O=S(=O)(NCc1ccc(Cl)cc1Cl)c1ccccc1Br
",1.9203253058809475,1.9203253058809473
"COC[C@H](NC(=O)c1cc(-c2ccccc2)c(C)[nH]c1=O)C(N)=O
",2.7060953154688168,2.7060953154688168
"O[C@H]1CCCCC[C@H]1n1cc(-c2ccccc2Cl)cn1
",2.965832758159776,2.9658327581597774
"CC1=C[C@@H](C)[C@H]2C(=O)N([C@H](Cc3ccccc3)C(=O)[O-])C(=O)[C@H]2C1
",3.8845528099937368,3.884552809993737
"CCCCNS(=O)(=O)Cc1ccc([N+](=O)[O-])cc1
",1.985738188943248,1.9857381889432482
"COc1ccc(CC[C@H]2C[C@@H](C(C)(C)C)CCC2=O)cc1
",2.916252890892816,2.9162528908928156
"C[C@H]1CN(CC(=O)Nc2nc(-c3ccccc3Cl)cs2)CCO1
",2.5768120746624223,2.576812074662424
"Cc1cc(Cl)cc(Cl)c1CNC(=O)c1cccs1
",2.076973887530377,2.076973887530377
"CC(C)(C)OC(=O)NC1CCN(CC(=O)c2nccs2)CC1
",2.4661342020795693,2.4661342020795693
"COc1ccc(C)cc1[C@@H](C)NC[C@@H]1CN(C2CC2)CCO1
",3.002932191265097,3.0029321912650975
"CCOC(=O)c1ccn(-c2cccc(NC(=O)C3CCCC3)c2)n1
",2.067630797301055,2.067630797301055
"O=C1N(C[NH+]2CCN(c3ccccc3)CC2)c2ccccc2C12O[C@@H]1CCCC[C@H]1O2
",4.606909949952995,4.606909949952995
"CC(C)c1nc(C(=O)[O-])nn1-c1ccccc1F
",2.7741918781112247,2.7741918781112247
"C1=C[C@H]2C[C@@H]1C[C@H]2CN1CC[NH+](C2CCCCCC2)CC1
",5.465162708366242,5.465162708366243
"CC(C)C[C@H](C[NH+](C)C)Nc1ncncc1N
",4.173984034030818,4.173984034030817
"O=C1C=C(c2cccs2)C[C@H](c2cccs2)[C@@H]1n1cnc([N+](=O)[O-])n1
",3.932051819634636,3.932051819634636
"C[NH2+]C1CCC([NH+](C)CC(=O)N[C@H](C)c2ccco2)CC1
",5.123883741047921,5.123883741047921
"CC(C)c1nc2n(n1)CCC[C@H]2[NH2+]C[C@@H]1CCC[C@H](C)C1
",4.604402069963196,4.604402069963195
"CCCOC(=O)c1ccc(NC(=O)c2ccc[n+]([O-])c2)cc1
",2.128647674804622,2.128647674804622
"CCOc1cc(CO)cc(Br)c1OCc1ccccc1F
",1.9863181967033563,1.9863181967033565
"O=C(Cn1nnn(-c2cccs2)c1=O)NC[C@@H]1CN(Cc2ccccc2)CCO1
",2.998741205110268,2.9987412051102673
"CC(C)[C@H](O)CCNC(=O)C(=O)Nc1ccn(-c2ncccc2Cl)n1
",3.0523596582665693,3.052359658266571
"Cc1cccc(C(=O)NCCS(=O)(=O)NCC2CCC2)c1C
",2.134264895648297,2.134264895648295
"CCCC(=O)N1CCC(C(=O)NN=C(c2ccccc2)c2ccccc2)CC1
",2.101554553209672,2.101554553209672
"O=C(N[C@H](NC(=S)Nc1ccccc1)C(Cl)(Cl)Cl)c1cccc(Br)c1
",2.640988420808375,2.640988420808375
"CCN(Cc1ccccc1)C(=O)c1cc(NC(=O)Cc2ccccc2)n(C)n1
",2.084498313893432,2.084498313893434
"CC(C)CC(=O)N1CCN(C(=O)c2cnc3c(c2)NC(=O)CO3)CC1
",2.5300274999129058,2.530027499912906
"O=C(Cc1csc(NC(=O)Nc2ccc(Cl)cc2)n1)NCCc1ccc(Cl)cc1
",2.026158897424841,2.026158897424841
"Cc1ccc2c(c1)C[C@@H](C[C@@H](C[NH3+])c1ccc(F)cc1)O2
",3.4549007423517013,3.454900742351702
"CC1=C(C(=O)OC(C)C)[C@@H](c2ccc(C)s2)NC(=O)N1C
",3.0729043836592203,3.072904383659221
"COc1cc(F)c([N+](=O)[O-])c(NC[C@@H](O)c2cnn(C)c2)c1
",3.0675118127215004,3.0675118127215004
"COc1ccc(C(=O)N2CCC([C@@]3(C)NC(=O)N(C4Cc5ccccc5C4)C3=O)CC2)cc1
",2.9584804501963635,2.958480450196367
"CCc1cnc(NC(=O)c2cc(C)n(C(C)C)c2C)s1
",2.3868055389811804,2.3868055389811804
"COc1ccccc1-c1nc(C[NH+](C)Cc2ccc(C#N)cc2)cs1
",3.458435076326772,3.4584350763267704
"COc1ccc(-c2noc(-c3cc(-c4ccc(Cl)cc4)n[nH]3)n2)cc1OC
",2.227018269530328,2.2270182695303298
"CC[C@H](NC(=O)CN1C(=O)c2ccccc2N2C(=O)CC[C@]12C)c1ccc(C)cc1
",3.158618846965415,3.158618846965415
"Cc1ccc(CNC(=O)NCc2ccnc(OC(C)(C)C)c2)cn1
",2.336693883209305,2.336693883209307
"CCN(CCO)C(=O)Nc1cccc(C(=O)Nc2cccc(C#N)c2)c1
",2.0588604694425867,2.0588604694425854
"Cc1cccc(-c2nn(C[NH+]3CCCCC3)c(=S)n2-c2ccccc2)c1
",3.298388801204552,3.2983888012045517
"C[NH2+][C@@H](C1CCCC1)[C@@H]1CCc2cccnc21
",4.071947088375473,4.071947088375473
"Cc1ccc(-c2cccc(F)c2C(=O)[O-])c(C)c1
",2.3159209204974083,2.3159209204974083
"CN(C)C(=O)[C@@H](Sc1nnc2n(C)c3ccccc3n12)c1ccccc1
",2.8336394210898788,2.833639421089879
"Cc1ccc(C(=O)NNC(=O)c2ccc(SC[C@H]3CCCO3)c([N+](=O)[O-])c2)cc1
",2.7119768104518407,2.7119768104518407
"CCCn1/c(=N/C(=O)[C@@H](CCSC)NC(N)=O)[nH]c2ccccc21
",3.4101615924753936,3.410161592475392
"Cn1/c(=N/C(=O)c2sccc2S(=O)(=O)N2CCOCC2)sc2ccccc21
",2.608449837961897,2.6084498379618974
"COc1ccccc1N1C[C@@H](C(=O)NN2C(=O)NC3(CCCCC3)C2=O)CC1=O
",3.380698080245496,3.3806980802454953
"COc1cc(OC)cc(C(=O)Nc2ccccc2C(=O)NC(C)(C)C)c1
",1.9057644840465429,1.9057644840465429
"C[C@H](Nc1nc(-c2ccncc2)nc2ccccc12)c1ccccn1
",2.6109468226885166,2.6109468226885184
"CCOc1ccc(C[NH+]2CCC[C@H]([C@H](O)c3nccn3C)C2)cc1OC
",4.3178015356682815,4.317801535668282
"O=C([O-])c1ccc([S@@](=O)Cc2ccc(O)cc2)cc1
",3.083937210380016,3.0839372103800162
"CCc1nn(C)cc1CNC(=O)NCC(C)(C)Cc1ccccc1
",2.4995349853907065,2.4995349853907065
"COC(=C(C#N)C#N)c1cccs1
",3.0544666730857486,3.0544666730857486
"O=C(NCc1ccnc(OCC(F)F)c1)NCc1cscn1
",2.6609980824614823,2.6609980824614823
"C[C@@H](C(=O)N1CCCC1)N1CCN(C(=O)NCc2ccco2)CC1
",2.6022462428023534,2.6022462428023534
"CC(C)c1ccc(CN(C)C(=O)NCCCn2cccn2)cc1
",2.159358707885076,2.159358707885076
"CNC(=O)[C@@H]1CCCN(C(=O)Nc2nn(-c3ccccc3Cl)cc2C)C1
",2.910973445525274,2.9109734455252756
"COc1ccccc1N1CC[NH+]([C@@H](C)C(=O)Nc2ccc(F)cc2)CC1
",3.3898188389692976,3.3898188389692976
"CN1C[NH+](C)CC2=C1NCNS2(=O)=O
",5.778788514911093,5.778788514911092
"CNC(=O)c1ccc(O[C@@H]2CCC[C@H]([NH3+])C2)nn1
",3.92897064745896,3.928970647458959
"COc1ccc(C(=O)O[C@@H](C)[C@@H]2CCCO2)cc1OC(F)F
",3.1069363933559746,3.1069363933559746
"Cc1ccc(/C=C2/SC(=S)N(CCC(=O)N3CCCc4ccccc43)C2=O)cc1
",2.290570389547176,2.290570389547174
"CCc1cccc(S(=O)(=O)Nc2cccc(-c3nnnn3C)c2)c1
",2.1428527134922817,2.1428527134922817
"Cc1ccc2c(c1)CCN2C(=O)c1ccc(C)nc1C
",2.0846586525342943,2.0846586525342943
"CCCNC(=O)CN1CCN(C(=O)Cc2c(C)nn(-c3ccccc3)c2C)CC1
",2.134626647600024,2.134626647600026
"Cc1ccc(C(=O)NC2CC[NH+](Cc3nc(-c4ccccc4)cs3)CC2)s1
",3.305214179949024,3.305214179949024
"CCOc1ccc(F)c(C(=O)OC[C@H]2CCCCO2)c1F
",2.6734856744023747,2.673485674402377
"C[NH+]1CCC(NC(=O)c2ncoc2-c2ccccc2)CC1
",3.3786557263590287,3.37865572635903
"O=C(NC[C@@H](O)CN1CCCC1=O)Nc1cccc(F)c1
",2.579482023815676,2.5794820238156753
"CC[NH+]1CCC[C@H](NC(=O)c2ccc(OC)c(O)c2)C1
",3.978745499728552,3.978745499728552
"O=C(CSCC(F)(F)F)N1CCN(c2ccc(Cl)cn2)CC1
",2.389966736758005,2.389966736758005
"COc1ccc(Cl)cc1S(=O)(=O)N[C@H](C)C(=O)NCc1ccc2c(c1)OCO2
",2.6084413848127905,2.6084413848127923
"Cn1cc(C(=O)Nc2ccc(-n3ccnn3)cc2)c(C(C)(C)C)n1
",2.513542333266713,2.5135423332667113
"Cc1cccc(NC(=O)C[C@@H]2CCCCO2)c1C(=O)[O-]
",2.9471795805965098,2.9471795805965098
"Clc1ccc([C@H](NCCc2nnc3ccccn23)C2CC2)cc1Cl
",2.876444236113392,2.8764442361133895
"Clc1ccc(OCCCCSc2ncccn2)cc1Cl
",2.0904972277521807,2.0904972277521807
"Cn1nnc2cc(C(=O)N[C@@H](C#N)c3ccc(Cl)c(Cl)c3)ccc21
",2.8916665293295853,2.891666529329582
"Cc1cc(C)cc(-c2nnc(Sc3nc(C(C)C)ns3)o2)c1
",2.820723109047797,2.8207231090477993
"C/C(=C/c1ccc(F)cc1)C(=O)NCc1cccc(OCC(F)F)n1
",2.5311351922205976,2.5311351922205976
"CC(C)Nc1cccc(CNC(=O)N[C@@H]2CC[NH+](CC3CC3)C2)c1
",4.068301826362039,4.068301826362039
"O=C(COc1ccc(F)cc1F)NC[C@H](O)c1ccccc1Cl
",2.4025315458162684,2.4025315458162684
"Cc1ccc(-n2nc3c(c2NC(=O)C(C)C)C[S@@](=O)C3)cc1
",3.086683174638273,3.086683174638271
"COc1nc(Oc2ccc3ccccc3c2)ccc1N
",1.999222426691173,1.9992224266911727
"O=C(c1ccccc1)c1ccc2nc(Nc3ccccc3)c3nncn3c2c1
",2.2247777022159525,2.2247777022159525
"O=C(C[C@@H](O)c1cccc(F)c1)Nc1cc(F)ccc1O
",2.458059953950997,2.458059953950997
"CC(C)c1nc(CSCc2ccnn2C)no1
",2.8863463895328643,2.8863463895328643
"O=C(C1CCC1)N1CCC[C@H]1c1nc2cc(-c3ccccc3)ccc2o1
",2.6049821555247203,2.60498215552472
"O=C(CC[C@@H]1NC(=O)NC1=O)NC1CCN(c2ccccc2F)CC1
",2.7536008943116035,2.753600894311603
"Cc1ccc(-n2nc3c(c2NC(=O)c2ccc(Br)o2)CSC3)cc1C
",2.643730109416079,2.6437301094160794
"C=CCn1c(SCc2nnc([S-])n2-c2ccccc2)nnc1-c1ccccc1
",2.7591788392217627,2.7591788392217627
"c1nnn(C23C[C@H]4C[C@H](CC(c5nc6c7cn[nH]c7ncn6n5)(C4)C2)C3)n1
",5.836644606324091,5.836644606324091
"CCCn1ncnc1COc1ccc(C)nc1C[C@H](C)[NH3+]
",3.5470207461103285,3.547020746110329
"CCSc1ccc(C(=O)N2CC[C@H](C)[C@H](O)C2)cn1
",3.1182818564455026,3.1182818564455026
"C[C@H]1[C@H](C(=O)[O-])CCN1S(=O)(=O)[C@@H](C)C#N
",4.524477318875603,4.524477318875604
"COc1ccccc1NC(=O)CSc1nnc(C)c(=O)n1N
",2.0735526131766697,2.073552613176668
"Cc1ccc(S(=O)(=O)OCCc2coc3ccccc23)cc1
",2.159901379164779,2.159901379164779
"COc1ccccc1[C@@H](C)NC(=O)[C@@H](C)Oc1cccc(F)c1
",2.551982183354905,2.5519821833549052
"CC[C@@H](Oc1ccccc1/C=C1\S/C(=N\c2cccc(O)c2)N(CC)C1=O)C(=O)[O-]
",3.3409650157454607,3.3409650157454625
"C[C@@H]([NH2+]C[C@H]1CC[C@H](C(N)=O)O1)c1ccc2c(c1)OCCCO2
",4.277501159567796,4.277501159567796
"Cc1ccccc1Nc1nc(N)nc(COc2ccc(F)c(Cl)c2)n1
",2.182241702048799,2.182241702048799
"CC(=O)Nc1ccc(OC(=O)/C=C/c2ccc(C(N)=O)cc2)cc1
",1.9015567993975964,1.9015567993975964
"O=C([O-])c1ccc(-c2ccncc2)cn1
",2.4900332976947936,2.4900332976947936
"O[C@H](c1c(F)c(F)c(F)c(F)c1F)C(Cl)(Cl)Cl
",3.5256784439687063,3.5256784439687054
"COc1ccc(/C=N/NC(=O)CNc2ccc3ccccc3c2)cc1OC
",1.9900040683468951,1.9900040683468987
"Cc1ccc(NC(=O)/C(C#N)=C/c2cc(C)n(-c3ccc(O)cc3)c2C)cc1Cl
",2.325976652290457,2.325976652290457
"Cc1cccn2c(=O)c(C(=O)N[C@H]3CCN(C(=O)C(C)C)C3)cnc12
",2.8274178522465028,2.827417852246503
"O=C(NCCCS(=O)(=O)c1ccccc1)c1n[nH]c2ccccc12
",2.052562569876306,2.052562569876306
"C1=C(CC[NH2+]Cc2ccco2)CCCC1
",3.6299946572654553,3.6299946572654553
"CCN(CC(=O)NCc1ccc(F)cc1)C(=O)c1cnc(-c2cccnc2)s1
",2.319090236970355,2.3190902369703554
"FC(F)(F)c1cccc2c1CCCC2
",2.043944491017582,2.043944491017582
"CN(C)C(=O)CCCNC(=O)c1ccnc(OC(C)(C)C)c1
",2.315907972571372,2.315907972571372
"Cc1ccc(NC(=O)[C@H](C)[NH+](C)Cc2nnc(C3CC3)n2C)c(C)c1
",3.858902159001152,3.8589021590011523
"CN(C)c1cccc(C(=O)OCC(=O)C(C)(C)C)c1
",2.0280203281399007,2.0280203281399007
"Cc1nsnc1Cn1nnc(C(=O)NC(C)C)c1C
",2.7948897719268846,2.7948897719268846
"CC(=O)Cc1nsc(N[C@@H](C)c2ccccc2)n1
",2.7893031122958902,2.7893031122958885
"COc1ccc(CNC(=O)[C@H]2Oc3ccccc3O[C@@H]2C)cn1
",2.9705363354528083,2.970536335452808
"[NH3+]CC1CCC(c2nc3ccc(Cl)cc3s2)CC1
",2.8148103964061164,2.8148103964061164
"CCN(C(=O)NC1CC[NH+](C[C@@H](O)COC)CC1)C1CCCC1
",4.146521423774851,4.14652142377485
"CCSc1nc2ccccc2c(=O)n1CCc1ccccc1
",1.8234695110329096,1.8234695110329096
"Cc1cc(C(=O)COC(=O)c2cc(Cl)c3c(c2)OCCCO3)c(C)n1C1CC1
",2.4946377221774565,2.4946377221774565
"COc1ccc([C@@H](CNC(=O)c2ccc([N+](=O)[O-])o2)[NH+](C)C)cc1
",3.5182876231611253,3.5182876231611253
"CC[C@H](NC(=O)c1ccc(C#N)cn1)C(=O)N1CCOCC1
",2.740512780463437,2.740512780463437
"CCOC(=O)NC(=O)c1c(NC(=O)Cc2ccc(F)cc2)sc2c1CC[C@H](C)C2
",2.753487650560244,2.75348765056024
"CC(C)n1cnnc1SCC(=O)Nc1ccc2c(c1)nc(C1CC1)n2C
",2.5277633145426908,2.5277633145426908
"CCc1ccc([C@H](O)C2(C[NH3+])CCCC2)cc1
",3.416268691221453,3.416268691221453
"COc1ccc(CNC(=O)N2CCc3c([nH]c4ccccc34)[C@H]2C)cc1OC
",2.6902675386589454,2.6902675386589436
"COc1ccc([C@@H]2C(C#N)=C(N)Oc3cc(C)n(CCN4CCOCC4)c(=O)c32)cc1OC
",3.098704910362144,3.0987049103621436
"O=c1[nH]nc([O-])n1/N=C/c1ccco1
",3.443957508769061,3.443957508769061
"C[C@H](Oc1cccc(Cl)c1)C(=O)N1CCC(Cc2ccccc2)CC1
",2.353931230172924,2.353931230172922
"COc1cc([C@@H]2C(C(=O)Nc3ccc(F)cc3)=C(C)Nc3nc(C)nn32)cc(OC)c1OC
",3.1240852534412227,3.1240852534412245
"CC[C@@H](C)[C@@H](O)C[NH2+][C@@H](c1cccs1)C1CC1
",4.508918877525425,4.508918877525426
"CSc1cc(-c2cccs2)oc(=O)c1C#N
",2.7895884753483315,2.7895884753483315
"CC(C)[C@@H](NC(=O)c1ccc(NS(C)(=O)=O)cc1)C(=O)[O-]
",2.75861494309978,2.7586149430997793
"[NH3+][C@H](CO)c1ccc(N2CCOCC2)c(Cl)c1Cl
",3.5118618815266576,3.5118618815266576
"CCCn1cc(NC(=O)c2cc3nc(-c4ccccc4)cc(-c4ccccc4)n3n2)cn1
",2.375887928975315,2.375887928975315
"Cc1ccc(S(=O)(=O)N2CCC(C(=O)N3CCCc4ccccc43)CC2)cc1C
",2.138363420583138,2.138363420583138
"C=CCN(CC=C)C(=O)C1CCN(C(=O)C(C)(C)C)CC1
",2.518269994058544,2.518269994058544
"Cc1nc(CSc2nncc3ccccc23)nc2ccccc12
",2.335821673426322,2.335821673426322
"C[C@H]1CCCC[NH+]1C[C@@H]1CCC(C)(C)[C@@H]1[NH3+]
",5.920999600233168,5.920999600233169
"COc1cc(C(=O)Nc2ccccc2Oc2ccccc2)on1
",1.982253205809656,1.9822532058096556
"COc1ccc(S(=O)(=O)N2CCOCC2)cc1NC(=O)/C=C/c1ccc(F)c(Cl)c1
",2.241466340430497,2.241466340430497
"Cc1ccc(F)c(C[NH+]2CCC(C(=O)NC(C)C)CC2)c1
",3.4253751854189067,3.4253751854189067
"CCn1nc(C)c(CNC(=O)[C@H]2[NH+]=c3ccccc3=C2NC(=O)c2cccc(C)c2)c1C
",3.6630217363922175,3.663021736392219
"COc1ccc(C(=O)N2CCC[C@H](C(=O)Nc3cc(Cl)ccc3F)C2)c2ccccc12
",2.510440865430848,2.510440865430848
"CCc1ccc(/C=C(\C#N)C(N)=O)s1
",2.6732769419674405,2.6732769419674405
"COc1cccc(N2C(=O)Nc3ccccc3[C@]2(O)C(=O)NCc2ccccc2)c1
",2.75621610186864,2.75621610186864
"COC(=O)c1sccc1NC(=O)[C@@H]1CC[NH2+][C@@H]1C
",4.11686024021914,4.11686024021914
"C/[NH+]=C(/NCc1ccc([N+]2=CCCC2)cc1)N[C@H]1CC[C@@H](SC)C1
",4.702272123711749,4.702272123711749
"N#Cc1csc(C(=O)N2CC[C@H]3CCCC[C@@H]32)c1
",3.27142473726056,3.27142473726056
"Cc1cccc(NC(=O)[C@H](C)[S@@](=O)Cc2ccc(F)c(F)c2)c1C
",3.0015988016491955,3.0015988016491963
"CNS(=O)(=O)c1cccc([C@H](C)NC(=O)c2ccc(Cn3cccn3)cc2)c1
",2.569229018697893,2.569229018697893
"CC[NH2+][C@@]1(C(=O)OC)CCC[C@@H](Oc2ccccc2)C1
",3.912431054962793,3.912431054962793
"COCCCn1c(C)c(C)c(C#N)c1NC(=O)C[NH+]1CC(C)(C)C1(C)C
",4.078563329613788,4.0785633296137895
"C[C@H]1CCC[C@@H](C)N1C(=O)[C@H]1C[C@H]1c1ccccc1Cl
",3.331839098098452,3.3318390980984516
"COCc1ccc(C[NH+](C)Cc2ccccc2O)o1
",3.7488571426490047,3.7488571426490047
"Cc1c(F)cc(N)cc1S(=O)(=O)NCC(N)=O
",2.3895812671552417,2.3895812671552417
"CCNS(=O)(=O)[C@@H]1CC[NH+](C[C@@H]2CCCc3ccccc32)C1
",4.52544378473976,4.52544378473976
"CC1(C)[C@@H]2CC[C@@]1(CS(=O)(=O)NCCCO)C(=O)C2
",4.216763911345483,4.216763911345483
"COc1ccc(-n2ccc(CNC(=O)c3cc(Cl)ccc3[N+](=O)[O-])n2)cc1
",2.165602682485796,2.165602682485794
"CC[C@@H](NC(=O)NC1CCC(C(=O)OC(C)(C)C)CC1)[C@H]1CCCO1
",3.2984779902031987,3.2984779902031987
"CN(CC[NH+](C)C)C(=O)C[C@H]1COCCN1C(=O)c1ccc2[nH]nnc2c1
",4.055037534781672,4.055037534781672
"CC[C@H](c1ccc(F)cc1)N(C)C(=O)Cn1nnc(-c2ccccc2)n1
",2.708752726703185,2.7087527267031852
"O=C(Cn1cccc1-c1nc(-c2ccc(OC(F)(F)F)cc2)no1)Nc1nccs1
",2.573798183006528,2.5737981830065273
"CCc1nsc(Nc2ccc(CC(=O)N3CC[NH+](CC)CC3)cc2)n1
",3.4520646977151044,3.4520646977151044
"CS[C@@H]1CC[C@H](NC(=O)/C=C(/C)c2ccccc2)C1
",3.1799424757004613,3.179942475700461
"Cc1ccc([N+](=O)[O-])cc1NCC(=O)N[C@](C)(C#N)C1CC1
",2.8651231686537053,2.865123168653705
"CC1(C)[C@H]2OCC[C@@H]2[C@H]1NC(=O)CCNC(=O)C12CC3CC(CC(C3)C1)C2
",4.925075186603534,4.925075186603534
"c1ccc(COC2CC[NH+](Cc3cccnc3)CC2)cc1
",3.2166282358167853,3.216628235816785
"O=C(C1CCCC1)N1CCC[C@@H]([NH+]2CCC(CO)CC2)C1
",4.081636981389359,4.081636981389359
"COC(=O)CNC(=O)c1sc2ncn(CC(=O)N3CCCCC3)c(=O)c2c1C
",2.3901560653727234,2.3901560653727234
"CC(C)CCNC(=O)[C@@H](C)Oc1ccc(N)cc1C(=O)[O-]
",2.9966763616811978,2.9966763616811978
"CCN(CC)C(=O)[C@@H]1C[C@@H]([NH3+])CN1C(=O)Cc1cccc(O)c1
",3.649958213574685,3.649958213574685
"COc1ccc(F)cc1NC(=O)N1CCO[C@H](c2ccc(C)o2)C1
",2.8010446984387887,2.8010446984387887
"COc1ccc(-c2nnc(SCC(=O)c3ccc(Br)cc3)o2)cc1OC
",2.074579801313972,2.0745798013139733
"CC(C)=CC(=O)NCCC1CCN(c2cc[nH+]cc2)CC1
",3.3920790050475538,3.392079005047554
"C[C@]1(O)[C@](C)(O)[C@@H](CO)O[C@](C)(Oc2c[nH]c3ccc(Br)c(Cl)c23)[C@]1(C)O
",4.6365722218491765,4.636572221849177
"O=C(CCCc1nc(-c2cccnc2)no1)N1CCC[C@@H](Cc2ccccc2)C1
",2.6911103895783293,2.691110389578329
"Cn1nc(NC(=O)c2cccc(F)c2)c2c1NC(=O)C[C@@H]2c1ccccc1
",2.959525536253885,2.959525536253885
"O=C(CSc1ccncc1)NCCN1Cc2ccccc2O[C@@H](c2ccccc2)C1
",2.7908789186964427,2.7908789186964427
"N#Cc1ccc(OCCn2cc(Cl)cn2)cc1
",2.0937472725783888,2.0937472725783906
"C[C@@H]1CCN(C(=O)Nc2ccc(O[C@@H]3CCOC3)cc2)[C@H](C)C1
",3.1933557050223413,3.1933557050223405
"CC[C@H](C)[C@H](C)[NH2+]Cc1ncccc1F
",4.1665028861268265,4.1665028861268265
"C#CC(C)(C)NC(=O)c1ccc(OC)c(O)c1
",2.302820427994403,2.302820427994403
"COc1cc([N+](=O)[O-])ccc1OCc1nc(-c2cccs2)no1
",2.1931985142325754,2.1931985142325754
"CC1CCN(C(=O)C[NH+]2CCC[C@@H](c3nc4ccccc4o3)C2)CC1
",4.052685302247913,4.052685302247913
"C[C@H]1CCC[C@H](NC(=O)Cc2c[nH]c3ccccc23)[C@@H]1C
",2.980753608424733,2.980753608424733
"Cn1nc(CNC(=O)Nc2ccccc2C(F)(F)F)cc1-c1ccncc1
",2.370276164267171,2.370276164267171
"CC[NH2+]C[C@H](Cc1cscn1)c1cccc(F)c1
",3.8396350649586095,3.8396350649586104
"CCCCS(=O)(=O)N1CCN(c2ccc(-n3ccnc3C)nn2)CC1
",2.5217045406186784,2.52170454061868
"O=C(c1cc2ccccc2o1)N(C[C@H]1CCCO1)c1nc2c(F)cccc2s1
",2.8852051746814578,2.8852051746814595
"C[C@H](CC#N)Sc1ccccc1NC(=O)c1ccc(Cl)nc1Cl
",2.9273721708162697,2.9273721708162697
"O=C(CCCc1nc2ccccc2s1)N[C@H]1CCOC1=O
",2.7286407644915034,2.7286407644915034
"COC(=O)c1cc(S(=O)(=O)N[C@H](C)c2ccccc2C)cn1C
",2.657819518831157,2.6578195188311575
"Cc1cnn(CC(=O)[C@@H](C#N)c2nc([O-])c3ccc(Cl)cc3n2)c1
",3.7259882285259103,3.7259882285259103
"COc1ccc(C)cc1NC(=O)[C@H]1CCCN1c1cc(C)ccc1[N+](=O)[O-]
",2.5975607250650725,2.5975607250650725
"CC[NH+]1CCC2(CC1)OC[C@H](C(=O)[O-])N2C(=O)c1ccc(F)cc1
",4.775004043417714,4.775004043417714
"Cc1ccc2c(c1)N(C(=O)C[C@H](O)c1ccc(Cl)cc1)CC2
",2.5553517382798123,2.5553517382798105
"O=c1[nH]cnc2c1[nH]c(=S)n2[C@@H]1O[C@H](CO)[C@@H](O)[C@H]1O
",4.128448248947604,4.128448248947603
"Cc1cn2c([nH+]1)CC[C@H](NC(=O)C[C@@H]1CCCc3ccccc31)C2
",4.051024211623837,4.051024211623837
"CC(=O)c1cc(CN2CCC3=NN=C(c4ccccc4F)[C@@H]3C2)cs1
",3.434388922480617,3.4343889224806166
"C[C@H](Nc1ccc(S(=O)(=O)N2CCCCC2)cn1)[C@@H](C)CO
",3.099198436231132,3.0991984362311316
"COCCn1nc(C)c(NC(=O)N2CCC[C@H]2c2cccc(C)c2)c1C
",2.7542558480542527,2.754255848054253
"CCCCS(=O)(=O)[N-]c1ccc(NC(=O)[C@H]2CCC[NH+](C)C2)cc1
",4.785895069422754,4.785895069422754
"Fc1ccc(Oc2ccnc(Sc3nnc(-c4cccs4)o3)n2)cc1
",2.5111942715196776,2.5111942715196793
"N#Cc1ccc(NC(=O)[C@@H]2CSCN2C(=O)c2cn(Cc3ccccc3)c3ccccc23)cc1
",2.8168338136920266,2.816833813692025
"CC[C@@H](C)n1nccc1NC(=O)C(=O)N1CCc2cc(F)ccc2C1
",3.0117430983047933,3.011743098304792
"Cc1ccc(-c2cnc(CCC(=O)N(C)C3CCOCC3)o2)cc1
",2.3435244427860056,2.3435244427860056
"C[C@H](CNC(=O)c1ccc(-c2ccccc2)[nH]c1=O)Oc1ccc(F)cc1
",2.5207499118782586,2.5207499118782604
"CCOC(=O)c1c(NC(=O)[C@H]2CCCN2S(C)(=O)=O)sc2ccccc12
",2.7389479449984044,2.7389479449984044
"Cc1ccc(C(=O)Cc2cccc(O)c2)cc1
",1.6177473510713265,1.6177473510713263
"Cc1ccccc1-c1nn(CN2CCCc3ccc(S(C)(=O)=O)cc32)c(=S)o1
",2.61265038789538,2.61265038789538
"CCOc1cccc([C@H](C)NC[C@@](C)(O)c2ccc(F)cc2F)c1
",2.9623209748605994,2.9623209748605994
"CC[C@@H]1CCCCCN1C(=O)c1cnc2sc(C)cn2c1=O
",2.9997619119770853,2.9997619119770835
"N#Cc1ccc(OCC(=O)NCc2cccc(CO)c2)cc1
",1.843367313230712,1.8433673132307113
"O=C(Nc1ccccc1)NC1CCN(C(=O)[C@H]2CCCC[C@H]2C(F)(F)F)CC1
",3.01874194019466,3.0187419401946594
"CC1(C)CCC(O)(C[NH2+][C@@H]2CCOC3(CCC3)C2)CC1
",4.828369464702682,4.828369464702684
"[NH3+][C@H]1CCC[C@H]1CCN1C(=O)c2cccc3cccc1c23
",3.5567171862356872,3.556717186235688
"C#CCN(Cc1cc(Br)cc(OC)c1O)[C@@H]1CCS(=O)(=O)C1
",3.292373351183038,3.2923733511830386
"Cc1ccc(-c2nc3nc(CN4CC[NH+](C)CC4)cc([O-])n3n2)cc1
",3.754007005407412,3.754007005407412
"C[C@@](O)(CNC(=O)C1CCCC1)c1cccs1
",2.860149460452224,2.8601494604522237
"O[C@H](CSc1nnc(-c2c[nH]c3ccccc23)n1C1CC1)CN1CCOCC1
",3.037506112767764,3.0375061127677636
"C[C@@H]1CCC/C(=N/[NH+]=C(/[S-])NCc2ccccc2)C1
",3.83997886759073,3.8399788675907303
"O=C(c1cc2ccc(Cl)cc2[nH]1)N1CCC[C@@H]1Cn1nnc(-c2cccs2)n1
",3.121815681248062,3.121815681248062
"COc1ccc(S(=O)(=O)Oc2ccc(C(C)=O)cc2OC)cc1
",1.841034278468339,1.8410342784683387
"CC(C)c1ccccc1NC(=O)C[NH+](C(C)C)[C@@H]1CCCC[C@@H]1O
",4.0825767080664965,4.082576708066497
"O=Cc1ccn(-c2ccc(Br)cc2)c1
",2.2637909703075234,2.2637909703075234
"O=C(C1CC1)N1CCC[C@H](Cn2cc[nH+]c2-c2cc3n(n2)CC[NH2+]C3)C1
",4.774000374148202,4.774000374148202
"O=C(CCNc1ccccc1[N+](=O)[O-])N1CCC[C@@H]([NH+]2CCCC2)C1
",3.8781254609421554,3.8781254609421554
"Cc1ccc2c(c1)-c1onc(C(=O)N3C[C@@H](C)C[C@H](C)C3)c1CO2
",3.2855461702534425,3.2855461702534425
"O=C(COC(=O)c1ccc(Cl)nc1)NC(=O)Nc1ccc2c(c1)OCCO2
",2.2157657220777818,2.2157657220777818
"CCC[C@@H]1C[C@H]1NC(=O)C1(c2ccc(F)cc2F)CCOCC1
",3.4151533445975084,3.415153344597508
"CCOC(=O)C1CCC(NC(=O)[C@@](C)([NH3+])CC)CC1
",3.311362874172384,3.3113628741723833
"CC[C@@H](O)C(=O)NCc1cccnc1Oc1ccccc1OC
",2.5911637906387543,2.591163790638756
"C[C@@H](Sc1nnc(-c2cccs2)n1-c1ccccc1)C(=O)N1CC(=O)Nc2ccccc21
",2.8990256073599614,2.8990256073599596
"Cc1cc(F)ccc1NC(=O)COc1ccc2c(c1)CCC2
",1.826624456087856,1.8266244560878562
"C[C@H](NC(=O)NCCC[S@](C)=O)c1ccc(Cl)s1
",3.34164799532118,3.34164799532118
"O=C(Cn1c(=O)c(=O)n(Cc2ccncc2)c2ncccc21)NCCc1ccccc1
",2.287194472833168,2.2871944728331677
"CS(=O)(=O)c1ccc(C(=O)Nc2ccc(F)c(F)c2F)cc1
",1.8603084940837584,1.8603084940837586
"CCCCOc1ccccc1/C=C1\SC(N2CCC(C)CC2)=NC1=O
",2.335647390022796,2.335647390022796
"CC(C)[C@@H](CNC(=O)N1CCc2ccc(Cl)cc2C1)c1cccnc1
",2.8382047946366296,2.8382047946366296
"CCCOc1ncnc(Nc2cc(Cl)cc(Cl)c2)c1N
",2.328711949237592,2.328711949237592
"CC(=O)Nc1ccc(NC(=O)c2nnn(-c3ccc(C)c(C)c3)c2C)cc1
",2.03413950029956,2.0341395002995597
"CCOC1CC[NH+](CC[C@@H](O)c2ccc(C)c(F)c2)CC1
",4.068581893437578,4.068581893437578
"IC[C@@H]1Cn2c(nnc2-c2ccncc2)S1
",3.554178878509916,3.5541788785099158
"CCOc1ccc([C@H]2CCCN2C(=O)c2[nH]c(C)c(C(C)=O)c2C)cc1
",2.649709483459944,2.6497094834599437
"CC(C)CONc1ncnc2sc3c(c12)CCC3
",2.7473769644534536,2.7473769644534514
"CC(C)[C@@H](ON1C(=O)c2ccccc2C1=O)C(=O)[O-]
",3.246725770099985,3.246725770099985
"COC[C@H](O)C[NH+]1CCC(C)(C)C1
",5.211511816983303,5.211511816983304
"COC(=O)[C@@H](c1ccccc1Cl)N1CCCSCC1
",2.7705904759823365,2.7705904759823365
"O=C(Nc1nc2ccc(F)cc2s1)c1cc(-c2ccccc2O)[nH]n1
",2.327387774638181,2.327387774638181
"C/C(=N\Nc1ncnc2sc(C)c(C)c12)c1cccc(OC(F)F)c1
",2.5472738735392797,2.5472738735392806
"CC(C)CN1CCO[C@@H](CNC(=O)/C=C/c2ccnc(Cl)c2)C1
",3.029812074662422,3.0298120746624226
"Cc1cc(F)ccc1CCNC(=O)Cc1c[nH]c2c(C)cccc12
",2.1673563334017825,2.1673563334017825
"NC(=O)[C@@H]1CCCN(C(=O)Cn2nc(-c3cccs3)oc2=O)C1
",2.8950698261417127,2.8950698261417127
"CCCCCn1c(SCC(=O)[O-])nc2ccccc2c1=O
",2.364573998528648,2.3645739985286482
"Cc1ccc2nc(NC(=O)c3ccc(OCc4nc(-c5ccco5)cs4)cc3)sc2c1
",2.3128516325964803,2.3128516325964803
"COc1ccccc1N1CCN(c2ccc(=O)n(CC(=O)NC3CC3)n2)CC1
",2.1806044677395846,2.1806044677395846
"C/C(=C/C(=O)N[C@@H](C)c1c(C)noc1C)c1ccccc1OC(F)F
",3.1217328138833307,3.121732813883332
"COCCn1nc(C)c(NC(=O)N2CC[C@H](Cc3ccccc3)C2)c1C
",2.6816011674516265,2.6816011674516265
"Cc1ccsc1C[NH+](Cc1nc2ccccc2n1C(C)C)C[C@H](C)O
",4.1472560504038665,4.147256050403867
"Cc1cccc(CNC(=O)C[C@H]2Oc3ccc(C)cc3NC2=O)c1
",2.614809856809829,2.6148098568098295
"C[C@@H](c1ccc([S@](C)=O)cc1)N(C)C(=O)c1cc2cccc(F)c2o1
",3.2598131072600545,3.2598131072600554
"COc1cc(OC)c(C(C)=O)cc1CSc1nnnn1-c1ccccc1
",2.2044155601497297,2.204415560149732
"Cc1sc(=O)n(CCC(=O)NC2CC(C)(C)[NH2+]C(C)(C)C2)c1C
",3.606864615344577,3.606864615344577
"CC[C@@H]1CCCCN1C(=S)NC(=O)c1ccc(C)cc1
",2.4437977124646424,2.443797712464642
"CCC[C@H](C)C(=O)N[C@H](C)c1cccc(Br)c1
",2.647237817472464,2.6472378174724636
"COc1cccc([C@H]2CCCN2C(=O)c2ccccc2I)c1
",2.3999890654687537,2.399989065468752
"C[C@H](NC(=O)N1CCCC[C@@H]1C1OCCO1)c1cccc(-n2ccnc2)c1
",3.3385252064449937,3.3385252064449933
"CS(=O)(=O)N1CCC[C@@H](C[NH+]2CCC[C@H](CO)C2)C1
",4.691710528033772,4.691710528033771
"CCN(C(=O)Cn1nc2n(c1=O)CCCCC2)[C@H]1CCS(=O)(=O)C1
",3.157326690064372,3.1573266900643713
"COc1ccccc1NC[C@H]1CCCN(S(C)(=O)=O)C1
",2.4427666685085985,2.4427666685085985
"COc1cc([C@@H]2CC(=O)Nc3c2cnn3Cc2cccnc2)cc2c1OCO2
",3.2850044242124152,3.2850044242124152
"O=C(CNc1ccc(Cl)cc1NC(=O)c1ccco1)Nc1ccc(F)c(Cl)c1
",2.115974828012224,2.1159748280122255
"Cc1nn(C)cc1[C@@H](C)NC(=O)C(=O)Nc1ccc(OCC2CCCCC2)cc1
",2.758209455855217,2.7582094558552175
"CC(C)(C)[S@](=O)CCNC(=O)c1cccc(F)c1Cl
",3.0000369375207985,3.0000369375207994
"C[C@@H](O)c1ccc(F)cc1OCc1nc(C(C)(C)C)cs1
",2.850762885683511,2.850762885683512
"COC[C@H](NC(=O)Nc1cn[nH]c1)c1ccc(F)c(F)c1
",2.9106609025640453,2.910660902564045
"C[C@@H]1CS(=O)(=O)N(c2ccc(S(=O)(=O)Nc3ccccc3C(F)(F)F)cc2)C1=O
",2.902150832677272,2.902150832677272
"CC(C)c1ccc2c(c1)[C@]1(CC(O)=Nc3c1cnn3Cc1ccccc1Cl)C(=O)N2C
",3.994187829525997,3.9941878295259965
"CC[C@@H](C)C(=O)NCC(=O)N(C)[C@@H](C)c1cc(F)ccc1F
",2.981257030830428,2.9812570308304274
"CO/N=C\C(C#N)=C/c1cccnc1
",3.140342508769061,3.140342508769061
"CO[C@H](c1ccc(Cl)cc1)[C@@H](C)NC(=O)C(=O)Nc1ccccc1C
",2.81549805709283,2.81549805709283
"CC(C)CNC(=O)[C@](C)(N)C(F)(F)F
",3.1946461000504103,3.1946461000504103
"C[C@@H](C(=O)C1=c2ccccc2=[NH+]C1)[NH+]1CCC[C@@H]1[C@@H]1CC=CS1
",5.968905818013142,5.968905818013143
"Cc1nc(Br)ccc1NC(=O)NCc1cnn(C)c1
",2.4463325429439653,2.4463325429439653
"COc1c(C)cnc(CNC(=O)Nc2ccc(N(C)C)cc2)c1C
",2.1857467900040035,2.1857467900040053
"COc1ccc2cc(COC(=O)COc3ccccc3C#N)ccc2c1
",2.002058412540583,2.002058412540583
"CCS(=O)(=O)CCN(C)Cc1c[nH]nc1-c1ccc(C)cc1
",2.751939246215761,2.751939246215761
"COc1ccc([C@@](C)([NH3+])Cc2[nH+]ccn2C)cc1
",4.383300035372812,4.3833000353728115
"C[C@H]1CCN(C(=O)NCCc2nnc3n2CCCCC3)[C@@H](C)C1
",3.252429342445814,3.252429342445814
"O=C(NC[C@@H]1CCC[NH+](Cc2ccccc2F)C1)c1nc[nH]n1
",4.598548536684411,4.598548536684411
"O=C1CC[C@@H](NC(=O)COc2ccc(Cl)c(Cl)c2)CN1
",2.5968174926844227,2.5968174926844227
"Cc1noc(C)c1COc1ccc(C[NH2+]C[C@H]2CCCO2)cc1
",3.4892770574408383,3.4892770574408383
"N#Cc1cnn2c1N[C@@H](c1ccccc1)C[C@@H]2C(F)F
",3.8246245772299994,3.824624577229997
"C[C@@H]1Cc2ccccc2N1C(=O)[C@H]1CCCN(C(=O)NC2CC2)C1
",2.934234631791904,2.934234631791904
"COCc1nc(C(=O)OCC2=CC[C@H]3C[C@@H]2C3(C)C)cs1
",4.233678229329905,4.233678229329905
"CCN(Cc1ccc(Br)s1)C(=O)C[NH+](C)CC(=O)[O-]
",4.345437082317179,4.345437082317179
"O=C([O-])[C@H]1CCCN(c2ccc([O-])nn2)C1
",3.862593084729229,3.8625930847292302
"COc1ccc(CCCC(=O)Nc2cccc(S(N)(=O)=O)c2)cc1F
",1.917216453567948,1.9172164535679475
"Fc1ccccc1[C@@H](c1nnnn1C1CCCCC1)[NH+]1CCN(c2ccccc2)CC1
",3.675360955123764,3.6753609551237627
"O=C(C/C(=N\Nc1nc(-c2ccccc2)cs1)c1ccccc1)C(F)(F)F
",2.4151143734264315,2.4151143734264338
"C[C@H]([NH2+]CC(=O)N(C)C)c1ccc(Cl)s1
",4.076133882030967,4.076133882030968
"CCOC(=O)COc1ccccc1/C=C1/C(=O)NC(=O)N(c2ccc3c(c2)OCO3)C1=O
",2.440053035718,2.440053035717998
"Cc1cc(C(=O)NNC(=O)c2cccc3ccccc23)c(C)o1
",1.9798379978259053,1.9798379978259053
"COc1ccc(-c2csc(NC(=O)Nc3ccc(F)cc3)n2)cc1OC
",1.8925272025613749,1.892527202561375
"Cc1ccc(C)c(S(=O)(=O)N2CCN([C@H](C)c3nc(N)nc(Nc4ccccc4)n3)CC2)c1
",2.8899436200395616,2.889943620039565
"Cc1cccc(C)c1-n1nnnc1CSCc1nnc(C)n1C
",2.7131920806661416,2.7131920806661416
"COc1cccc(C(=O)N[C@@](C)(C(N)=O)c2cccc(Cl)c2)c1
",2.5404911955415432,2.5404911955415432
"C[C@H](CCO)[NH2+][C@H]1CCc2c(Br)cccc21
",4.353876366498634,4.353876366498634
"CCc1ccsc1-c1cnc(C[NH3+])o1
",3.5873413549229074,3.5873413549229074
"NC(=O)C1(N2CCCC2)CC[NH2+]CC1
",4.03901327799983,4.03901327799983
"CC(C)C[C@@H]([NH3+])C(=O)N1CC[C@H](C(=O)[O-])[C@@H]1C
",4.816473422979972,4.816473422979973
"CC[C@H](C)Cn1c(CCCl)nc2c(C)nn(C)c21
",3.40518851260986,3.405188512609861
"Cc1csc([C@H](C)NC(=O)CCC[NH+]2CCCCC2)n1
",4.190337894650877,4.190337894650877
"CCC(=O)NN/C(C)=C/C(=O)NCC(C)(C)C
",2.6540805678545425,2.6540805678545425
"CCC(=O)N1CCC([NH+](C)Cc2ccc(SC)c(OC)c2)CC1
",3.813848372739346,3.813848372739347
"Clc1ccc(CNc2ncccc2Cl)cn1
",2.0725922880573613,2.072592288057363
"C[C@H](c1nc(C(C)(C)C)no1)[S@](=O)Cc1ncn(-c2ccccc2)n1
",3.8255287976566135,3.825528797656614
"Cn1cnn(C[NH+](Cc2ccc(F)cc2)C2CC2)c1=S
",4.158604305871236,4.158604305871236
"C#CC(C)(C)NC[C@H]1CN(C)CCO1
",3.522841956206639,3.522841956206638
"C[C@H](NC(=O)[C@H]1CCCN1S(C)(=O)=O)c1ccc2c(c1)OCO2
",2.92740117373952,2.9274011737395202
"O=C(Nc1ccc2ncccc2c1)C(=O)NC1CCC(O)CC1
",2.1420180946521548,2.1420180946521548
"CC(C)[C@H]([NH2+]CC1CCN(C(=O)OC(C)(C)C)CC1)c1cccnc1
",3.5705489559254326,3.5705489559254326
"CCC[C@H](C)NC(=O)C[NH2+]Cc1cscc1C
",4.11759387534584,4.11759387534584
"CS(=O)(=O)N1CCC(C(=O)Nc2sc3c(c2C#N)CCCC3)CC1
",2.3817972127156217,2.3817972127156217
"O=C(CN(C(=O)Cn1nnc2ccccc21)c1ccccc1)NC[C@H]1CCCO1
",2.7518675399518955,2.7518675399518955
"O=C(Nc1cccc(N2CCCNC2=O)c1)C(=O)N1CCc2cc(F)ccc2C1
",2.4552528733284547,2.4552528733284547
"C[C@@H]1CC[NH+](CCCN2C(=O)CNC2=O)C[C@@H]1O
",5.017063413984479,5.017063413984478
"O=C(COc1ccc(Br)cc1)NOCc1ccccc1
",1.815916060643426,1.815916060643426
"CC(=O)C[C@]1(O)C(=O)N(Cc2ccc(C)cc2)c2c(C)cccc21
",2.7237512595247626,2.7237512595247626
"C[C@H](OC(=O)c1ccc2ccccc2n1)C(=O)NCC1CCCCC1
",2.5015966147883084,2.5015966147883084
"C[C@@H](Sc1cc(Cl)ccc1Cl)C(=O)N1CCC[C@H](CCC(N)=O)C1
",3.049226569266194,3.049226569266194
"COc1cc(-c2ccno2)ccc1S(=O)(=O)NCc1ccco1
",2.42656494779901,2.42656494779901
"CCC[C@@H](CC)Nc1c(F)c(F)nc(F)c1F
",3.2424958066060685,3.242495806606068
"Oc1cccc([C@@H]2CN(c3nccc(Oc4ccc(F)cc4)n3)CCO2)c1
",2.8217953423971065,2.821795342397106
"COc1ccc([C@H](CNC(=O)c2cccc3ccccc23)[NH+]2CCCC2)cc1
",3.440608176557629,3.44060817655763
"CC1(C)[C@@H]2CC[C@@]1(C)[C@H](NC(=O)COc1ccc(C3SCCCS3)cc1)C2
",4.3190946002216455,4.3190946002216455
"Cc1c(C)n(-c2ccccc2)c2nc(C(=O)Nc3ccc(F)cc3)nc(N3CCCCC3)c12
",2.392115053495285,2.392115053495285
"CC(C)C(=O)Nc1cccc(NC(=O)C(=O)NCC[C@H]2C[C@H]3CC[C@@H]2C3)c1
",3.8851560677015353,3.8851560677015353
"COc1ccc(CNC(=O)c2cc(N3C(=O)C(C)(C)CS3(=O)=O)ccc2Cl)cc1OC
",2.462510297008992,2.46251029700899
"CC(=O)Nc1cccc(NC(=O)CCc2c(C)[nH]c(=S)[nH]c2=O)c1
",2.283880356437571,2.283880356437571
"COc1ccccc1[C@H]1CCCN1C(=O)[C@@H](C)CCOc1ccccc1
",2.715947534460116,2.715947534460115
"CCNc1ncc(COCC2CCCCC2)s1
",2.4286921203020952,2.4286921203020952
"CC[C@H](C)C(=O)Nc1ccccn1
",2.2466505132358776,2.2466505132358776
"O=C([O-])CC1=C(C(=O)[O-])CCCC1
",3.925004585173661,3.925004585173661
"Fc1ccc(C[NH2+]C[C@@H]([C@H]2CCOC2)N2CCOCC2)c(F)c1
",4.0177416480506585,4.017741648050658
"CCc1cc(Cn2cc(N)nn2)n(C)n1
",2.9637572946280937,2.9637572946280937
"N#Cc1cccnc1Oc1ccccc1NCc1cccc2ccccc12
",2.113464807991868,2.1134648079918676
"O=C(NCc1ccc([N+](=O)[O-])cc1)N[C@@H]1CCCC[C@H]1CO
",2.828928469180731,2.828928469180731
"C[C@H](NC(=O)NC[C@H](C)C[C@@H](C)O)c1ccc(S(C)(=O)=O)cc1
",3.140765839150508,3.140765839150508
"CC(C)Oc1ccc(NC(=O)NC[C@H](C)N2CCOCC2)c(F)c1
",2.656999020718791,2.656999020718791
"COc1ccccc1COC1CCN(C(=O)[C@H]2CCC[C@@H](C)C2)CC1
",2.882663358096174,2.882663358096176
"CC(=O)O[C@H]1CC[C@H]2[C@H]3C[C@H](OC(C)=O)[C@]45C[C@H]4CC[C@]5(C)[C@@H]3CC[C@]12C
",4.91290903275738,4.91290903275738
"CCCn1nnnc1CN1CC[C@]2(C1)NC(=O)N(C(C)C)C2=O
",3.727078847504858,3.727078847504858
"CC1=C(C(=O)OCC(C)C)[C@H](c2cccc(F)c2)c2c(n(C)c(=O)n(C)c2=O)N1
",3.0540626669967974,3.0540626669967974
"Cc1cc(C)c2c(-c3ccccc3)nc(SCC(=O)NC3CC3)n2n1
",2.315004865645765,2.315004865645765
"COc1cc2c(cc1OC)[C@H](C(=O)[O-])[C@H](c1cccc(Cl)c1)N(C)C2=O
",3.34257224518601,3.34257224518601
"COCCN1C(=O)CC[C@@H]2C[NH+](Cc3cc(C)ccc3C)CC[C@@H]21
",4.385381479765386,4.385381479765387
"Cc1cnc([C@H](C)NC(=O)NNC(=O)Nc2ccccc2)s1
",2.7699313908852723,2.7699313908852723
"CNC(=O)c1ccc(NC(=O)c2csc(-c3ccccc3)n2)cc1
",1.7995632387726257,1.7995632387726257
"CNc1nc(C2CCN(C(=O)Cc3ccccn3)CC2)[nH+]c2c1CN(C(C)=O)CC2
",3.3964078431138613,3.3964078431138613
"Cc1cc(C)n(C[C@@H](C)CNC(=O)NCc2cc3ccccc3o2)n1
",2.8384115118630664,2.8384115118630646
"Cc1nc2n(n1)C[C@H]([NH2+]C[C@@H](O)CN(C)Cc1ccccc1)CC2
",4.162798019555035,4.162798019555035
"c1ccc(Cn2c(SCc3ncon3)nnc2-c2cccs2)cc1
",2.4684501116823245,2.4684501116823245
"COc1ccc(-n2nc(C)c3c2C[C@H](c2cc(OC)c(OC)c(OC)c2)CC3=O)cc1
",2.8093197718692355,2.8093197718692373
"COc1ccc(OC)c(/C=C/C(=O)OCC(C)C)c1
",1.9923453932286588,1.9923453932286588
"C[C@H](NC(=O)[C@H]1CC[C@H](C[NH3+])O1)C(=O)N(C)C
",4.12134656983312,4.12134656983312
"Cc1cccc(C(C)C)c1NC(=O)[C@@H](C)Sc1nnc(-c2cccs2)n1N
",2.8426542635266103,2.84265426352661
"Cn1cc(C(=O)Nc2ccccc2C(=O)NCCc2ccccc2)c(=O)c2cccn21
",2.462095579142588,2.462095579142588
"Cc1ccccc1[C@@H]1C[C@H](C)N(C(=O)[C@@H](C)Sc2ccccn2)C1
",3.330111117774437,3.330111117774437
"Cc1occc1C(=O)/C(C#N)=C/c1ccc([C@@H]2C[C@H]2C)o1
",3.482787373651436,3.482787373651436
"CC[C@](C)(C[NH3+])[C@H](O)c1ccc2c(c1)OCO2
",3.869320234038321,3.8693202340383213
"CCc1nn(CC)c(C[C@@]2(C3CC3)CCC[NH2+]2)c1Br
",4.389449256824138,4.389449256824138
"CC(=O)Nc1ccc(CN2CC[NH+](C3CCCC3)[C@H](CCO)C2)cc1
",4.035042204250022,4.035042204250022
"COc1ccc([C@H](O)[C@@H](C)NC(=O)[C@@H](C)SC)cc1
",3.088657800295361,3.088657800295361
"CCC(=O)N1CCC[C@@H]1c1cc(C(F)(F)F)c2c(=O)n(C)c(=O)n(C)c2n1
",3.1487367250650724,3.1487367250650724
"C[C@H]([NH3+])[C@@H](CC(=O)[O-])c1ccccc1
",3.981647667125841,3.9816476671258405
"Cc1ccc([C@H]2C3=C(NC(=O)N2C)c2ccccc2C3=O)cc1
",2.856590299514496,2.856590299514494
"C[C@@]1(Cc2ccc3c(c2)OCO3)CCC(=O)N(CCc2ccc(O)cc2)C1
",2.965773411455604,2.9657734114556042
"Cc1cc(C)cc(O[C@H]2CCCC(C)(C)[C@@H]2O)c1
",3.218394620124948,3.218394620124948
"Cc1c(-c2nc(-c3cccs3)no2)sc2nc[nH]c(=O)c12
",2.7481972143792053,2.7481972143792053
"COc1cc([C@H]2C(C(=O)Nc3ccccn3)=C(C)NC3=C2C(=O)CCC3)ccc1OCc1ccccc1
",2.9086801736986505,2.9086801736986523
"COc1cc(C)c([C@@H](C)NC2CC[NH+]([C@H]3CCCC[C@@H]3O)CC2)cc1OC
",4.367444654284027,4.367444654284026
"C[C@@H]1CCC[C@@H](NS(=O)(=O)Cc2cccc(N)c2)C1
",2.953005804195863,2.9530058041958647
"CCCN1C(N)=[NH+]C[C@@H]1c1cc(Cl)c2c(c1)OCO2
",3.9917802195720817,3.9917802195720817
"CC(C)C[C@@H](NC(=O)[C@@H]1C[C@@H]1c1cccc(Cl)c1Cl)C(=O)Nc1cc[nH]n1
",3.707218257522893,3.707218257522893
"Cc1nc(CCC[NH+]2CCC[C@H]2C(N)=O)cs1
",4.772868126837013,4.772868126837013
"NC(=O)COc1cccc(CNC(=O)c2cc3cc(Cl)ccc3[nH]2)c1
",2.084300640293652,2.0843006402936517
"COc1ccc(CNC(=O)c2cc(=O)c3ccc(Br)cc3o2)cc1
",1.986902261003593,1.9869022610035927
"CC[C@@H](C)c1ccccc1N1C[C@H](C(=O)N2CCN(C)CC2)CC1=O
",2.903285940513758,2.903285940513758
"CC[NH2+][C@H](Cc1ccccc1Cl)[C@H]1C[NH+](C)CCN1C
",5.193213146021362,5.193213146021364
"C[NH+]1CCC(N[C@@H]2CC(=O)N(CCc3cccc(Cl)c3)C2)CC1
",3.847249137599486,3.847249137599486
"CCN1CC(=O)Nc2cc(C(=O)NC3CC[NH+](C4CCCC4)CC3)ccc21
",3.615526553553997,3.615526553553998
"COc1ccc(Br)cc1/C=C/C(=O)N1CCN(C(=O)c2ccccc2)CC1
",2.004894193606253,2.004894193606253
"NC(=O)COc1ccc(C(=O)N[C@H]2CCCc3ccccc32)cc1
",2.3238542695582063,2.323854269558206
"O=C(COc1ncnc2ccc(Br)cc12)Nc1ccccc1Cl
",2.021216696050756,2.0212166960507574
"C[C@@H](c1ccc(Cl)cc1Cl)N(C)C(=O)c1ccc(NC(N)=O)cc1
",2.465583685560265,2.465583685560265
"Cc1ccc(N2C(=O)[C@@H](Cc3cccc(C)c3)S/C2=C(/C#N)C(N)=O)cc1
",2.9118758019881508,2.9118758019881508
"CC(C)CN(C(=O)NCc1ccc(C(F)(F)F)cc1)C1CC1
",2.138038872180239,2.1380388721802372
"ClCCc1nc2cccnc2n1CCn1cccn1
",2.5061879545135284,2.5061879545135284
"CC[C@@](C)([C@@H]([NH3+])c1cc(Br)ccc1F)N1CCOCC1
",3.884290679548732,3.884290679548732
"Cc1ccc(NC(=O)c2cc3ccccc3oc2=O)c([N+](=O)[O-])c1
",1.9988477293631544,1.9988477293631526
"CC1(C)OC[C@H]([C@H]2O[C@@H]3OC(C)(C)O[C@@H]3[C@H]2OS(C)(=O)=O)O1
",4.270987800351594,4.270987800351593
"Cc1cccc([C@H](CCl)CCC[C@@H]2CCCO2)c1
",3.0517208911067133,3.051720891106714
